ensembl_transcript_id	name	cdna	RNALight_pred_label	RNALight_pred_prob
ENST00000364459.2	RF00012	TAATGCTATACTTTCATGGGTCATTTCTATAGTTTGTTATTAGAGAAGTTTCTCTGAATGTGTTGAGCACCAGAAACCACGAGGAGATGCAGCATTCTCTCCTGAACGGGAAGCCAGCTTTTGGCATTGCTTTGATGCAACTACCATTTGCCATTGATGGCAATGCATCGCTTCCTCTAGGAGTGTAAGAGGGAGTGGATGCAGTCAGAGTGGT	0	0.48207967434480387
ENST00000365609.1	RF00016	TCACTGTGATGATGGTTTTTCAACGTTCACAGTTTCCACCAGAAAGATTTTCCTTAGTGTTCGGTAAACCTTCCTTGGATGTCTATGAGA	1	0.5531393116219273
ENST00000363107.1	RF00045	CCAATGTGTAATATCCTGGGATATCATTTTTTCTAGGCTTTGTCCACATGGCTTAGGGGAGCATAGGGCTCTGCCCCATGATGTACAGTCCCTTTCCTCAGTGTTGGAGATGAAGCTGGGTCTGGTGTTTGCACTTTCATATTCCTGTAGCTTCTCAGAATCCTGTGGACAGTGACTGGGGAGACAAACCATGCAGGAAATATGT	1	0.8177672924174297
ENST00000517285.1	RF00049	TTCCTAAAGATTCACAATGAACATTATTATTTAAGAGCTTTTTGAAGTGCAAATCCATGAGCTTTTTAACCCTGAGCAAT	1	0.6121006371087157
ENST00000364523.1	RF00056	CCCTATATTCGAAAGTTATCCTGGTCATTGACAGTGCAGGGAGAGAAACTGCTGAAAGCATTCCCCCTTGTTTGGAGGGTCCACTCCTGTCCCTTCTAAACTCTGGAGTTTTCCACA	0	0.4160967536179574
ENST00000411072.1	RF00070	TTTATATGATGAAATCAAACTAACTCACCGTTACTGACACAGTGAAAACATGTGAACGCCTGAGAAGA	0	0.3040151181073774
ENST00000391130.1	RF00072	GCCATGATGCTCTTCGGTTTAGGAGCAATTAAAATGACTACAGATTGGTGGCAGTTTATGGATTTGCACAAGAAGAGAACTCACAGAACTAGCATTATTTTACCCTCTGTCTTTACAGAGGTGTATTTGGCTGTTTTGTTAGACATTC	1	0.6982881600581688
ENST00000516319.1	RF00086	ACTCCATGATGAACCCAAAATGCCAAGTATATGACTGAACTTACAAGTGATACCATCTTACGACTGAAGAGT	0	0.349992516466679
ENST00000391309.1	RF00088	ATACATGATGACTTACATGGACTCTCATTCAGCTAATGACTTGCTGCTGAAACATGGAAATCTGATTTTT	0	0.4123311098222612
ENST00000516320.1	RF00090	GCCAGCAGTCGCCAGGTGTCTCTCACGCTGCTGGGAGAGGAATGTCTCGTCTTCTTCATCTGGTTGCCTCCGTCACTGTTCTAGAGGCTTCTGGCACTGGTGCAAGGCAGAGCTGTGCTTCCTTGAGAGTGTGCCAAGCATTTACTTTGGTTATTTAGTTCTAGTCTGGGAGCAGACACA	1	0.6901895996280922
ENST00000364287.1	RF00091	TATTCTTCTTGTTAGAGCTCGGAGTTGAGGCCAGTGACTGGCCAATGAACTCACAAGTGTAGACAGGGTGTTACGCAAGGGACAAGTTTTTCACTAACACCACAAGAGTCTCTGGCCCAATGAGAGGAGTTTAATAGAAATTCTTGCTACAACT	1	0.5122375002318732
ENST00000362603.1	RF00092	GTGCATGTACTGTTACAATCTAACTGAAGTATTTTATTGTTACCCCTGCTTAAAGCAGTATAGATGCATAACTATGTCTGTTTAACTTCATTCCATAGTGAGACAGAGACACTTGGTTTCAAACAT	1	0.887953975938387
ENST00000363807.1	RF00093	CTATTATGATGAGATTACGCTCTGTGGTCCGTGTTTCTGAAACACAGGATTTTGTGGAAGTTCTCATTTG	1	0.7685266177325933
ENST00000384260.1	RF00096	TAGTCAGGCGGGATAATCCTTACCTGTTCCTCCTTTTGGAGGGCAGTAGAATGTGGTAGTTGGAGTTGCATGATACTTGATTGATATCTCTGTGTAATGATGGCATGCAATACCCTGACTGCTCCTTTCGAAT	1	0.920350804724101
ENST00000516331.1	RF00099	CTCCAATGAGGAGGAAACATCCTGCCTTACCCCTGTTTTAGCCTGGGAACCAGTAATTGTGAACTCACCAGGGTTAACATGAAGAGGGCATGAGAGCTTATTCCATAAGGAATTGTCTGAGACAT	1	0.5449844942871366
ENST00000391109.1	RF00105	AGGCCAATGCTGAATTATTATCTTGACGAGAAATGATGACGTAAAAATTAAGCTTAGTAGGATTACACTGAGGCCC	1	0.6132443736296774
ENST00000365628.1	RF00108	AGATCATTGATGACTTCCATATATCCATTCCTTGGAAAGCTGAACAACATGAGTGAAAACTCTACTGAAAAAAGAAAAGAAATGGGAGGCCG	0	0.30185376366116035
ENST00000516213.1	RF00133	CCACACAGGACGAAGGGTAGATATACTTGTACCAAATGAATGTTCAGCAATCTGAGATAATCAACATGCACTACCACTCAGAGTGTGC	1	0.7643873623185132
ENST00000625269.1	RF00134	TCCTGGCTTTAATTTATATGCCTTTTTCAAATTCTGACTGGTTGCATGATGAATAAAATCAAATCACCATCTTTCGGCTGAGTTCGTGA	1	0.7298030767240161
ENST00000363064.1	RF00136	GAAAATACATGATGATCTCACTCCAACTGGAACTCTCTCACTGATTACTTGATAACAATAAAATATCTGATATTCTG	0	0.2131817103708405
ENST00000411362.1	RF00137	GCCAAATGATGCTTATTTGACTCTGGTGCACTTCAGTGTAAGGATGATTTATAATCTGTCACTCATGATTGAAGGCC	1	0.7804587946694859
ENST00000363485.1	RF00139	TTATGAATATACTCACCGTTTTGATTTTATAATAGTAACGACAAGCTAAACATTCACTATATTAAGACCACGCGTGTGTCTCAGACTTACCTTTCCCTAGGTCTGTTTTTATAAATGCTGGTGATAAAC	1	0.645624017114596
ENST00000364339.1	RF00150	CAGCCCTAAAATGGAAAAAATTTAAAATTACTTAGACAATGTGATGTCATCAAAGGAACCCTAAGTAA	1	0.5293775118876988
ENST00000391313.1	RF00151	CTGTGATGATGGCATTTCTTAGGACAATTTTGGATTAATTATGAAAACAACTACTCTCTGAGCAAT	1	0.6884739395666432
ENST00000516069.1	RF00152	TTATATTAGTGATGGCTTTTAAAGTTCTCACAGACAGGCATCTCTCTGAAAGACAGCGAAGATCAGTTTTAAACGGAAACAGTA	0	0.4784015489073608
ENST00000362541.1	RF00153	TCTTAGTGACATAATTCTAATAGTTTGTTCCGACCTTCCACTGTGGACTCAATAGCAGGGAGATGAAGAGGACAGTGATTGCATGA	0	0.4163135631817655
ENST00000516178.1	RF00154	GTGTGGGATGTGTGTCTAAACACGACAATCTGAAGACAGAGGTGTAGAAATTGGCAAGTTTCCTAAAGCATGACAACACA	0	0.4748863777398489
ENST00000384515.1	RF00156	CTGCAGCCAATTGAGCTGATGGAGTTCCTTTCCTCCTGGGGCCCAGTGTGCAAAAGCTGCAAACAGCAGCTTCCTTGGTAGTGTACGCAGCCTGTTTCTTATATGGGTTGCTCTAAGGGACCTTGGAGACAGTC	1	0.6430257255803001
ENST00000579216.1	RF00157	GCCGTGTGAGGCCACCTCTGCCATGCTGCAGGCTCCCCAGCACGCAGTGGGGAACCCAACCTTGGAGAGCCGAGCCGGG	1	0.7307654959404594
ENST00000363280.1	RF00181	TGAATCAATGGTGACCACTGGTGGCATATAAGTCATGGATGATGAATATGAGAAGAAAAGAATCTAGGTTTTT	1	0.524205839024062
ENST00000364099.1	RF00189	CGGGTGGTGATGACCCCAACATTCCATCTGAATGCCTGTGCTGAAACCCAGAGGCTGTTTCTGAACCA	1	0.6169363624025408
ENST00000364597.1	RF00190	GGCGGCCCTTATCACAGCTGCAGCTGCTTCCACATAGCTGCTGCGGTCAAAAAGGAGCCCAGAGTCAGTTTCCTTGACCATCACCATTCTGTTTGCTATAAGTGATCTGTAACATTTTGCGAAAATACAGTT	0	0.3393846743490218
ENST00000391227.1	RF00191	CCTCGCTTTCTTTGCAGGGAGCAGGTATGTATGTTCCCTATTATGTCTGGAGGCAGAGGGAAAAGGCTTCAGTCCCCTGGGCATCATGTCTTTGGTGCCGCTGGCTTCCTGTCTGCCAATTCTATCCTCAAGCACTGGGACACAG	1	0.7431173260916784
ENST00000517059.1	RF00201	TCAAATGAGCCTGAGCTGACATTGTAGAGGATGTAGATGGCTGAAGAAACTGTTCAGCTGGAGTATCTACTTCCATTGCAGTTTCACTCACTTCCAAATCAGGACTTGATGG	0	0.4150774609469467
ENST00000363863.1	RF00212	TGTCAGTGCTGAAACTTTGTCAAGTTATGCTACTGACATGAAGTAATGATACAGTATATCTGAGGAGA	1	0.680526168491559
ENST00000364139.1	RF00218	TGCTGGAGTGATGAAAAAGTATCTTCAGGTGTGGCTGTGGCCACCTTGGCCACCTGTGTGTCACTTGCCAATGCAAGGACTTGTCATAGTTACACTGACTGTTA	1	0.7493179008644305
ENST00000364537.1	RF00263	CTTGCACCTAAACCCAAAGAATCACTGTTTCTTGAAGTGGTGGTTTAAACAAGGTGCAAACAGCAAGCGAATCTCATTACTTTTGGTGGCTGTGGCCATGCTCCTTAAAGTGAACTTAGAGGCTCTACATCC	1	0.6777846488423623
ENST00000362600.1	RF00264	ACACTCTCAGCTATGTATAGTTACACCTGGCTTCACTTGTGTGACTTTTGCAATGGGAAGAGAGAGAGAAGGTCCCCTTGGTACCTCAGCTCGGCCTTATGGTGGCCTCTTTCCTTGAAGGGTGCAACAAAA	1	0.6740437596211039
ENST00000390904.1	RF00265	AAAGCAAGCTGGAATTACAGTGCTTCATTTTGTGAAATACTAAATACCATCATTATGCTGCTGAAAGAAAAGCTGTTTTAATGATTTTTGATTTGTCTTTGTGAGAGTAAAATCACGACAGATTGACATGGACAATT	1	0.5880597230746593
ENST00000362451.1	RF00271	AGGTTGTGATGAATTGCTTTAATTTCTGACACCTCATATGAAAGCTGCACTTGCAGTCTTGCAAGACAGGCTT	1	0.7889063548997952
ENST00000364749.1	RF00272	ATCCAAGGTGATTCCCTCTCCAAGGGGAACATCCAGTGCCCCTCTCAGGAAAGTAGCAACCTGGAACAGAATCTGGCATGCCTAAGGCATTTGGGGAACAGGGCTGGTTATTTCCTCTGCCTTCCTTGGCTGCCTACATGG	1	0.8000734576874262
ENST00000516708.1	RF00273	CCTCATTGATTAGTAGCTTCTGACTTTTGTTCTGAGTTTGCTGAAGCTAGATGCCATTCCAGATAAGA	1	0.8168773021462924
ENST00000362913.1	RF00275	CCGCAGTGACAGCAATATTTTTCATCCACAGTTCACCTCATGAATGTTGTCACTTTGGGTCTGAGTGA	1	0.701250607873741
ENST00000362987.1	RF00278	CATCTGTGATTATCCTATTCTGAACCTGAATTTCTACTAGAAAAAACTTATATGAATCTGGCTTCTGAGAT	1	0.6437701663395623
ENST00000363181.1	RF00279	GGTCAATGATGAGCTGACATGTATTCTGAATCTAAAGTTGATTATTAGTACTTTAGTTCTAGAATTACTGAGACATG	1	0.7379495321271832
ENST00000365405.1	RF00280	ATTGTTACATTGATAAAATCAAATCACCATCTTTTAGCTAAGCTTGTGCTGGATTTGCTTTTTTTCTGATAAAGATG	1	0.7944637919706564
ENST00000363336.1	RF00284	GTTTCTGATGAAGCCTATGTTGGTAGAGACATCTGAGAGTATTGATGAATGCCAACAGCTTAAATGGAGAAAA	0	0.4369183024720684
ENST00000516391.1	RF00285	TGGTCAGGCTGTGGCTGTGGCACAGCACTTGGCTTTCTCCTGGGGGCACTGGGGAGCCATGGCAGATTCTGACCA	1	0.9475586082568712
ENST00000363202.1	RF00287	CCTGGGTGATGATAAGCAAATGATGCCTGAATGTGAAGGTCATACTCGGCTTTAGCTGATT	1	0.7470661212693593
ENST00000516482.1	RF00322	ATGCACATCTGCTGCTATGGTTTCCACTACAGATGCAAGGAAAAAGTGTCCTCGTCCTTTTGTCTGTCTGATTGTGGCAGTTGAGATTGAATAGAGGTAGACAGAG	1	0.9307474654898353
ENST00000391316.1	RF00324	TTCTTACAAATCTAAATGTGCTTTGATGCAAGTATATTTGAATCCCTTTCCATCTGATAACTGAGCAAAATAATA	1	0.7046340131999999
ENST00000408166.1	RF00334	ACCAAGATTCAAGTCACATTCCGAGTGTCCCGGTGTGCTAGGGCACTTGCAGAGAATCTGCTGGTCTTGATTCACTGGTGGGGGCAATCGGTGCCCAGATTAGGAACATGC	1	0.558013011125131
ENST00000363424.1	RF00340	TTCCAAAGAATTGAGTTCAGTTCAAGGCAGCTTCCCTGTTCTGTTAACGAAACTTTGGGACATTGAAATGGGCTACGGGAGATGATTGGTTCAAAAGCATTATTCTATTCATTTGCCTTTTTTTTTGGAGAC	0	0.3843970019792519
ENST00000364540.1	RF00342	AAATGTTATGATATGAGCAAAATGTTCAACTATTCCAAATGGGCTGAGTGAAAATAGGTTTTCTGAGCATCC	1	0.8120122284846825
ENST00000628177.1	RF00345	GTCTGTGATGAATTGCTTTGACTTCTGACACCTCGTATGAAAACTGCACGTGCAGTCTGATTATTTAGCAAGACTGAGGC	1	0.7322399078448643
ENST00000384275.1	RF00392	TGCAGCTGTGTCAAATTTGGTGCCTGCCCTGCCTGTGTAGGCACTGACCCAGAAGGCTGCCACAGAAACACTGACTCATGGGCCCTGTTCCTGTGTCTCGGGCTCAGGGATAAATTTGGTTACAGATACCA	1	0.8813113912188381
ENST00000384250.1	RF00393	TGCATTGCCATGGTATCTGCACTCAGTAGTTTATTCCTGCTGGGTGTCCAAAGATCAGTGCCATAGAAATTCAGTATCTAGCATCACTGATTTTCTTGGCTTTGTGCTTGTTAAAACTTGGTATTTCTATTGACACAGTA	1	0.9172694241728805
ENST00000364263.1	RF00394	CTATCAAAAGTTACTTTTTGTGGGGTGGAAGTTTTTAAAATAACCTTTACCTACGTGGGCTGTTTTGGAAAATAAAGAAAAGACCACACTCAGCAGAGGGCTATACCCCTTAGTATAGTTCACCACTATTTTGCAGCTTATATT	1	0.8518551786315731
ENST00000516113.1	RF00397	ATGCATCTTAGAACATCCAGGAGACAGTCTTCTAAAATACCAGTGAGTGGCAAGATATGAGTAAATTCCACAGGAAAAGGAAGGCAGTCCAAAGGGCTGTGCTTCTCCTGTGGCTCAGTGTTATTCATAGCTGTGACATCT	1	0.8284853477075812
ENST00000516131.1	RF00398	GCCAGGTACCATGCAAAAGCAATCTTCCCTTTAGAATGACTGATGGTATGCTAAGGTTTTTCGTGGCATATTATTATTAAAGGTGAATACAAAT	1	0.8904372053183086
ENST00000384401.1	RF00399	CTCCATGTGTCTTTGGAACCTGTCAGCTGTGGCAGTTGCCCTTCCTAGCCATGGAAGAGTAAGTATATTCTTGTTTATTGGCAAAGCTGTCACCATTTCATTGGTATCAGATTCTGACTTGCACAAGTAACATTC	1	0.7194224209397106
ENST00000364790.1	RF00401	CTTCCCATTTATTTGCTGGTATAGTCTCACAATGATATGGCCAGTTATACTTATGGGAAAAAATAATATTGGGCCATCGTATATTGACATGAGTAACTATTTTCACCTCTTCTGCATGGACTATCTATAT	1	0.9075928018975551
ENST00000515926.1	RF00402	AAAATATATTTTAGTTTGTGGGCTGGGAAACCAAGAGCTCTTAATGCTATACCCAAAGACTGAAGTTCTTTATAGGACACCATACACACGAAATAGTGCTATGTTTTCCTAAGGAGATCCAAGA	1	0.7701212986195607
ENST00000391069.1	RF00404	GGTCATATAAGTAGAAACCACTGAGTGAATCTTACTAGAAAAGTGAATGGCCATTCTTGGTTACTCTGTAGCACAGAAGAATTCCTGGCTTCTTTGTGTTGCACAGCTGACTTGTGCCATTCTGCTGCTATAGTGTGGAGTTGAGAAACATGA	1	0.770607405299232
ENST00000517031.1	RF00405	TATAGTGTGGCCATGGGATCTCCAACTGCATGCAAGAGCAACCTGGAGAGACTTTGACAGAACAGGTCAGCACAATCCCTGCAGCTGCCACTTGTCTTTCGTGTGTGT	1	0.6486888492123519
ENST00000363515.1	RF00406	TCACAGCTTTATTAATAGAAGCCAAACTCTCTGTGGGCTTCTCACAGTGTACCCATTGCCAGAGTAAACTGCAGCCTTGAACCATTGCTCAGCCTCCTTACCCATGAGCTATGAACACTGAAGCAGGTTGCACAGTG	1	0.7896588105448804
ENST00000408059.1	RF00407	AAGCGCTGCCTTTGTACCCCACCGTGCCTCCGCCTGGTGTCTGGGGTCAGGTTGCAGTGCCAGAGCACGTGCTTGCGCATAAATGGGGCAGCCTGGCCCCCTGCGGATGGTCCTTTTAACCGCGAGCAACAAGG	0	0.4987908596363556
ENST00000364671.1	RF00408	AGCCTCTTTCTAGATGAGAATGGGCACTGTCGATCATGGTGTCTGAAAATTGTAAGTGGCTAAATTGAAACACAGGTTATGCTTCCATAAGAGTATATGTATTGCAGTGGTGACAATGAGACCTGTAACACTT	1	0.8782619883050229
ENST00000363750.1	RF00409	TACCTCCCAGGATGGCATCTGGAAGTGGATAGTATTCTGCCAGCTTTGGAAACTGGATGAAAAGCAAATCTGGCAGAGGTACCCATTTCATTCCCAGCTTGCTCAGTAGCTGGTGATTGGAAGAAACTCTGCAACAGTG	0	0.4573793396085954
ENST00000363089.1	RF00410	TTGGTCCTGATTCAAGGCCAGCAGTTTGCTGAAGCTGTTGGTTTCAAGCAGGAGACTAAATAATTGTCTTTTCATGGTCTGTTGGCCATCTTATAACTTTGGAAATGTAATGTCCAATTCATTAGAAATAAACATCT	1	0.7191194868445646
ENST00000362412.1	RF00411	TGGCAAGCCTCCAGCGTGCGTGGGTCTGTGGTGATGTGTGCATTCCTACACTGCTTGCCAGAACAGTATTGAAATAGTGGAGCGTTTGTCCTGCTCCATCCAGAGCAAGGTTATAGAAATTTCAGACAATT	1	0.6373954054826365
ENST00000410656.1	RF00413	GTGCACATTTCATTGTCTTTTTTCTTTATTTCAAGAGAAAAGATATATCTGATGTGCTCAGCAAACCTTTGGAGGTTAATTAGCAGCATGACTAATTTAGCCATTGCTGCCAGTCACCTTCAAACAAGT	1	0.7641437282337189
ENST00000362701.1	RF00414	TTGGGCAGTGAACACCCAAGTGTGCTTTATAGTTCCTTTGGCTTTGACTTTGTGCTAGAGCAATGTCTGTTATTTTTCTCTGCATTGAAAGGAGCATTTATCCTTTTAAATGTATTCAGAAAGCCAGTACATTT	1	0.9348006127556843
ENST00000363193.1	RF00415	TGGGCCCTTTCACAGGCCCTCCCCTCGGCAGTGGGGCCAGGATTGGGTTGCTGGTGCTGAGAGAAAGCCCTTGATTGCATCCTTGCTCTGGGACTGTACCAGTGGCAGCTGTCACTTAGTGGGACAGAG	1	0.9115859459584964
ENST00000364863.1	RF00416	GATGCCTTCCGGAACATGCCAGCACCGCAGATGCTGGCAGTCTGCTGTGCCCGTGATATTGGGCAAAGAGGAAGTGGCTATTTCTACACTTGGTGTTCAGAAACCAGTGAGCTCTAAGAATGGTTTATAGCCTGACATTT	1	0.5637666292653224
ENST00000364133.1	RF00418	GGGCATACCCGTAGACCTTGCCTGACTGTGCTCATGTCCAGGCAGGGGGGACATTGTATTCGAGATTAATTTGAAGTTCCTGCCAGCTTTATCCAGCTTAATCAGTGGCTGGATAAATAGCAGGACTGTAACATTC	1	0.8186666462916558
ENST00000364514.1	RF00421	AGGCAACTCTTAGAAGATGGATAGCTTCTCTTTTGCTGTGGGTGTGGCCACAAAACGTTTCCCACTTGGTTTTCTATCTGCTACCTTGCTCTTAGCCAGCCTATTGGGAACATTT	1	0.6059538064417962
ENST00000363418.1	RF00425	TTTGAGGTCTTTCCCGATGGGACTTTTCTGTAGGCTGCACATCATTGGAAACGCCTCATAGAGTTAACTCTGTGGTTTTACTTTACTCACAGGACTCTTGTTAGATCTGTGGGAACTACAAGACAGTT	1	0.8951559339704767
ENST00000364172.1	RF00428	CCCTCCTACAAAGGCATGTCTATAATTCCTTGTCTTTGGACATGTAAGAATTGGAGGGACAGAAATGTGGACTTGGAGAAATCTGGGGCCAGCTTTCTCATCACAGGCTCAACATCAACCATGCCACATAG	1	0.5941622823738444
ENST00000384418.1	RF00432	GCCCGCCTTGGCCTCCCAAAGTGCTGGGATTCTTACATCGACTGCATAGAAAGAGGAGAGAACATAACCTACCTACCCCGTACATACTTCAGCCCAGGTCCTGTGCCTCATCTGTAATATGAATGAAGAGACATGG	0	0.24381269298288985
ENST00000364957.1	RF00438	ACTCCAGCCTGGCTGACAGAGTGGGACCCCATCTCAAAAAAAAAAAAAAAATTAAGCTGGTGATAGTAAAGCCATGTTATGAGCTTTAAGGACATTGAAGTCATTAAGATTCCTGGAAATGGCTACAAAA	1	0.5835836630890989
ENST00000390968.1	RF00440	GTTCATGATAAGTAACATTTCTTCAATTTGACCTGATGTGTATTGAAGAAAACCAGCATCTGAGG	0	0.33695584473426476
ENST00000362604.1	RF00443	AACCCCCTTTTCACTTTGCCAATTGGACTTATGTCTTTATTGATCATTCAAGTGAGCAAAGGAAATACGCTTTAAAAACTCAGGCAAACGGTGTTTGTCTTGTATCCCGTCAGAGGAAACAAAT	0	0.4672517402242865
ENST00000391095.1	RF00477	ATTCTTAAATGAATGATGAAATACCAAAAAGAAAAATAAGCAAAGAACAGATAACAGAAAGAAGCACAGCAAATACAACATAATACTGACAGTAAAAAT	0	0.48533698607655645
ENST00000365012.1	RF00493	GGGCAATGATGTAAAGGTTTTACGACTGACCTTTGTAACTATGAAGTTTTCTACACTTGACCTGAGCTCA	1	0.6406567856097801
ENST00000362361.1	RF00494	GATCGATGATGAAAATAAGCAAGTTTGAGCATCAGAAGACCTTCCAGTCTACTTGATGCATGAGCTCTACAGTTTTAAGA	0	0.35231600663946405
ENST00000516035.1	RF00537	TTTCTATTTTATCTGATTCTTCCTCTATGCACAAACTCAGCTTCAGTCATTAGTATCATTAAAATTAACTTTCTAGAAATGATGCAAAGGAA	1	0.6869072860257239
ENST00000516965.1	RF00554	TTACCTTGAATACATACAGATACTTCCTGTTACTCTCTAGCTTAAGAACCTTTAATGTGGTGATGTCCATCTCATGTCATCCAGGGATAAAGCAACCCTTGTTTATCCCATCTTGGCTCTTGGTCTGTGCCCATGGCTGGTTCGTGCCTTGGATACATGG	1	0.734733318079085
ENST00000362945.2	RF00560	CCTGCCAGCTGCACAGATGCAGATGCTCTGCTATGCCTGTAACATCGGGGCGAAGTGAAAGTGGCTATTTCTACACTCAGTGTTCAGAAAACACTGAACAACAAGAATGGATAATAGCCTGACATT	0	0.2513480186139802
ENST00000516240.1	RF00561	AGCATTAAATCTACTGAAGATATCCACATCCTTAGACAGACGCAAAAAATAAATTCTCTTTTGCAACTCAGAGCTCATTGTGCGGTATGAGCTTTGATACATATAAGAAGGAATATT	1	0.5083476835678309
ENST00000458908.1	RF00566	TAGCACTGTTGCCTGAGCCATTGGTGCTCCCTGGTACTAGCTCAGTTTTAATGCAGTGCAATAGGAATTCTTTGTTTCCACAAGGCCTTGTCCTGCTGTGGGCTGCTCCTTCCCACAGTTGGACCTTG	1	0.8161184440917574
ENST00000516427.1	RF00568	GGTCTCTTGTGTCGGCACCTGGGTGGCTTGCCGCCCACACAACCAAATTAAAAAATAACACAGAAGGGTAAGGTAAGTCTCCATTAAACCCAGGAAAGAGACTGGAAAACTCCTCTTTGGAGCCTGTCTATAGTCACAGGT	1	0.6386510875313708
ENST00000516978.2	RF00569	GAGAAATGATGAGGGTCAACATTCTTCATACCAAAGTGAAGACATGAGATCCAACTCTGAGCTCACCCTGTTG	0	0.39950012354848685
ENST00000390859.1	RF00570	GGATTTATAATGAGCTGTGTTTACTGAGCATTATGAAGTAAAGTTCAATATGATTACTCTGAAGTCT	1	0.62969793502587
ENST00000390889.1	RF00571	AAATAATTAAATTTCTCCAAATAGCTGGAGTTACTGGCAAATTGTTTAGTGGCAAACATGGTTTTCTGAAT	1	0.7228870715232233
ENST00000391230.1	RF00572	GTCCTCTGATGACTTCATGTTAGTGCCACCTGTCTGGGCCACGGAGAACCCATGATGGAACTGAGAATCTGAGGAA	1	0.5500145224655123
ENST00000516618.1	RF00573	TATAAATGTGATGAATTGCACACTCGCAGAGTCATAGCATTAGGGGATGCAGGCAGTGTTTCATACTTTCCCGAGGAAAGAAATGCACAGGTGCCACTCAGTCATCAC	1	0.855231719186283
ENST00000390873.1	RF00586	GGTTGTGGTGGTTTTCTTTCTGGTACATTTGTTAAGTTTTCAAATGAGCCTAACTCTGCCACATATATCATATAGGAGCTGGCAAAGGCTTGATGACAAAGAGATCTCTCTCAAGCCTTTCCCACATCAGAGGCTGGCTTTCACACAC	1	0.8590375699609815
ENST00000391000.1	RF00588	AGGGAAGTGATGACAACTGTGACTGTTGTGTGACACTGATTTCTCTCATATTTGTACTGGCTGATCCTG	1	0.6844564475928469
ENST00000390977.2	RF00591	ATACTGTGACAGTTGCATCGTTCAGCAGATTGAGTCACGAAGAGATGTATACCATCTGTCTGATGTATCT	1	0.6070068064940075
ENST00000390866.1	RF00592	CTGTAATGATGTTGCTCAAATATCTGACCTGAAATGATTATATAGACCAATTTAATACTGAAGAA	1	0.8104671982191323
ENST00000517136.1	RF00593	TGAGTTTTGGGATGAGACCCTGGAATAAGTGCTGGACACAGTGCCTGAATCAGACTGTGGAAATATTAATGTATTTTATTTTTACTTA	1	0.5595998611606433
ENST00000516313.1	RF00598	AAGATTCGACAGATACCCTACTGCCTCTCTTTGTGGCGGCGGGGCTCAGGCTGCAGCACCACAGCACTGTGTGTGTGTATAACTGGGGCCACCTGCCCCTTCCAAGTGTGGGCCTTTTAACCTCTATCGACAGGT	1	0.7509950167738765
ENST00000408156.1	RF00599	ACAGACTCACTTTGCACCTGGCTGCAGCCTCATGGGGGTGCTTTTTCCATGTGCCAGGGAAACATTCTGGGGTGTTGTGGCTGCCTGACCTATCAAGGGTGATGCAGCTGTCTGGGGATACAGGA	1	0.9359951911123149
ENST00000408212.1	RF00603	TGTTTAATGACTAAGGAAGGTCCCTGTCCCCGCCAGGGGCTGTGAGCAACACCATGGCTGCCCCAGGGCTGGCCAATTGGGCAGATGCCCAGGGGCTGAGAACA	1	0.8855167334985967
ENST00000408684.1	RF00604	TACATTCCATGATGTCCAGCACTGGGCTCTGATCACTCCGGAGGACACAGTTTTCCCCAAGACCATGGCTACCTGGGGATCTGAGAGAAAA	0	0.2865850275467324
ENST00000516421.1	RF00611	TTTCCAGAATTACGGGTTTGACAAACCAAACATTCATTATTTTCCTCTCTAGAGAGAGTTTTTGCCTTATAGATCTGATCAGGAAA	1	0.7619767943755038
ENST00000408373.1	RF00612	ATTTCTATGGAAAAGAGGTGAAGTGGACAGAAGGGATGTCTGAAATTCTATCCTGAGGCT	1	0.5658865758429318
ENST00000408133.1	RF00614	AGGGTTTGCTTAGGGCAGGGAGGTTGAAGAGTGGCTCCTCTGTTTACAATACACCAAACAGGAATCTGGGGTCATTGTGACAAGGGGCACAAAACTTGTGTCCTCCCTACATGTGAAAAAAAAAAAAGA	1	0.8859104165210268
ENST00000629629.1	RF01159	AAAATGATGAGATTCCACTTAATTGGTCCGTGTTTCTGAAACACATGATATTTGTGGAAATTCTGACTTGG	1	0.7053063647003172
ENST00000458800.1	RF01161	ATTCAGATGCTGAATTTAACTGTTCAACTGCTGAACCACTCAACAGACATGAACGAAAGCTTAATTCTGACAGAG	0	0.29825862325720615
ENST00000459551.1	RF01169	TGGACCAGTGATAAGAATGTGTTAGGAACCAAAGATTAGGAGTAATCTAGTTTTGTATATCTGAGGTCCATT	1	0.7889718682955359
ENST00000459482.1	RF01182	CTGATTCAACTATGATTTTTATTTGTTTGACTGATTTCCTTTTGGATAATGAAGGTATCTTTAGTCACCATATCTTCTGAGACAT	1	0.7630846537815127
ENST00000630615.1	RF01183	TCCTGTGTGAGAAATGATGAGGGTCAACATTCTTCATACCAAAGTGAAGACATGAGATCCAACTCTGAGCTCACCCTGTT	0	0.4522800428893912
ENST00000459301.1	RF01210	ATCCTTTTGTAGTTCATAGCATGATGATTGGGTGTTCACATGCATGTGTGAAATGTGCCAGCCTTGAACCTTGTTACAACATTGGCACATGACCCATCTGACC	1	0.8215525973325446
ENST00000459171.1	RF01225	ATTACTTGAAAATCACTCCCAGGCTTTGGCCATGGCAGCAGGTGAGATTCAAGGCCCAGAGCCTCCAGGGCCTCAGCTCACCGCACACTGCCCCGTGTGTGGTGGGGAAACCCAGACCCCAACAGGT	1	0.8095886634676587
ENST00000459339.1	RF01233	CTGTGTGTAGAAATGTTTGCTCCTCTATCCTTTGGGAACAGGAATACATTCATAACATGCTACATGTAAAAAGGACTCCCCAGGGTGGCCAATCTTATGGTAGAGGTTGTATGGTAATATATTTCTCCTTCATAA	1	0.8686113480349195
ENST00000458922.1	RF01241	ACTTTATTGTATATAAGCACTGTGCTAAAATTGCAGGAACTGGGACCATATCCTGATTTTTGTAATAATGCCAGCAGAGTACACACAAGAAAAGTAACTGCACTAGATTGTGAAGACTGGGGTGGACCTGCTTCTGAAGGTCCAGTGCCCTTTGTCTTAAGATTTGGTGTAGTGTGT	1	0.7449110687778053
ENST00000515966.1	RF01293	GCCCTATGTTAAAATTTTAATTCTGCACTTACTAACTATCTTGGGAACCTTGGGCAAGTAACCAACCTCTTGTGCTTTGGTTTCCTCATTGGTAAAATGGGGATAACAGTACTTACCTCACAGAGTTGTTGAGAGGAACAAAT	1	0.8627135226818404
ENST00000458762.1	RF01299	TGATGAATTGATGACAGTCATCTTTTGAGAGTGACCCAAAATGAAAAGAATACTCATTGCTGATCACTT	1	0.6982356669627701
ENST00000363057.2	RF01848	AAGACTATACTTTGAGGGATCATTTCTATAGTTTGTTACTGGAGAAGTTTCTCTGAATATGTAGAGCACCACAAATCACGAGGAAAAAGCGCAGCATTCTCTCCTGAGCATGAAGCCAGTTTTCAGTGTTGCTTCGATGTAACTGCCTTCTGCCCTTGATGATCATTCTTCTCTCCTCCCTGGAGAGTAAGAGGGAGAGGAGGCAGTCTGAGTGGTT	1	0.5322515095945493
ENST00000364478.1	RNU105B	CCAATGTGGATACACCCAGGAGGTCACTCTCTCCCCAGGCTGTGTCCAAGTAGCATAGGGGAGCACAGGGCTCTGTCCCCATGATGTACTGTCCTTTTCCATGACATTGGAGATGAAGCTGGACCTCAACTCTGCACATGCATATTCCTACAACTTCTCAGAGTCCTGTGGATAATGACGGAGGAGAGAAACCATGCAGGAAACAGCC	1	0.5259554354280752
ENST00000362342.1	RNU105C	CCAACATGGATAGTCTGGGAGGTCACTCTCCCCAGGCTCTGTGGAAGTGGTGTTGGGGAGCATAGACGTTTGGTCCATGACGTACAGTACAGCCCCTTTCCACAATGCTGGAGATGAAGCTGGGTCTCCTGTCTGCGCCTGCATATTCCTATAGCTTCCCTGAGTCCTGTGGATGATGACTGGTGAGACAAATCGTGCAGGAAACAAGT	1	0.6524625198040234
ENST00000459255.1	SCARNA10	GCCACATGATGATATCAAGGCTGTTGTGATTCAGTTGGTTTGGCTAAGCCCAGGGACCTTTGGCCTGTTAAAGGTCTGTAATCTTGGTGGGCGATACAGAGTTATGTGTGTTCACTGTAAGGGCAGACCAACAAGAACTTTTTCCTACTTTTGAGCTACCTCTTTTTAATAGGGGTGATTCTTCCAGTTGCTGGAGAGAAATTGTGGTAACTGGAGTGAGAGAGTAGGAACAGGGCATGTTCAGGGTATCAGGGCCAAGGGTCCTAAAGGACTTAGCTTGTGTTATGGCCACTGAGAGATGAAACACAGATCTTTGGTAATCTGATGGCT	1	0.9473311599935584
ENST00000459155.1	SCARNA12	CAGGCTGATGAGACTAAGGCGAATGCGACTCCGTGCTCTCTGGCCCTTGGCTCCTTGTTGGGGGTGGGGACTACAGATGAGATCTGAAATCTTAGTGGTAGTACCTGAGCCATGACTCCCCACTGTAAGGCCAGATCAATAGCATTGGTGGCCTTGCCTTCATTTCTGGTGCTGCCCCTAGTTCCTGGCAGCAGCCTGCAGGGAGGCCCACAGGTGGGGTCCACGGTAGGGCTGGGCACAAGCCACCTGAGCGCAACCTTGGATCTGACA	1	0.9061424305340307
ENST00000459004.1	SCARNA18	TTGCATGTGGAAATGTCTGCTTCTCATTCCTTGGGAGCAGGAATATGTTCATAACATGCTACATTAACAAAGGAGTTCTCAGGGCTGCCAACCTTCTAGTAAAGGTTGAGTGGTAGTATATTTCTCCAACATAA	1	0.7258631250765003
ENST00000458806.1	SCARNA18B	TTGCATGTGGTAATGTCTGCTCTTCATTCCTTTGGGAGCAGAAATACATCCATAACACGCTAAATTAAAAAAGGAGTTCTCAGGGCTGCCAACCTTACAGTAGAGGTTGAGTGGTAGTATATTACTCCTACATAA	1	0.9223465836453419
ENST00000384084.1	SNORA10	GGTCTCTCAGCTCCGCTTAACCACACGGGTCCAGTGTGTGCTTGGCGTGTTTTCAGGGAGGCAGAGAAAGGCTCTCCTAATGCACGACAGACCCGCCCAGAATGGCCTCTCTGTTCCTAGGAGTGCGACAATT	0	0.4385492906565621
ENST00000516475.1	SNORA108	TCCACATTCTAAAAACAATCCACTCTGTGAGGTGCAACAGTTAATAGCATGTTAGAGTTCTAGTGGAA	1	0.8514054748191232
ENST00000384458.1	SNORA10B	GGTCTCTCAGCTCTGCTTAACCACACGGGTCCAGTGTGTGCTTGGCGTGTTTTCAGGGAGGCAGAGAAAGGCTCTCCTAATGCACGACAGACCCGCCCAGAATGGCCTCTCTGTTCCTAGGAGTGTGACAATT	1	0.5568453535268029
ENST00000408789.1	SNORA11	GGGGTGTGCTCAGAGCAGGGGGCCCAAAGAATGGCTCCTCTGTTTACAACACACCCAACAGGAATCTGGGGTCATTGTGATGAGGGCGTCAAACTTGTGGCTTCCCTATGAACAAACGTCCCCCAACA	1	0.7041614977038284
ENST00000408175.1	SNORA11B	GGGGTGTGCTCAGAGCAGGGGGCCCGAAGAATGCCTCCTCTGTTTACAACACACCCAATAGGAATCTGGGGTCATTGTGACAAGGGACACAGAGCTTGTGACCTCCCTACAAACAAATGCCCTACACAT	0	0.36533730690307453
ENST00000408532.1	SNORA11C	GGGGTGTGCTCAGAGCAGGGGGCCTGAAGAATGCTTCTTCTGTTTACAACACACCCAATAGGAATCTGGGGTCATTGTGACGGGGGGCACAAAACTTGTGACCTCTCTATGAACAAATGCCCCACATGT	1	0.601229078388557
ENST00000408548.1	SNORA11D	GGGGTGTGCTCAGAGCAGGGGGCCTGAAGAATGGCTCCTCTGTTTACAACACACCCAACAGGAAGCTGGGGTCATCGTGATGAGGGGCACAAACTTGTGGCCTCCCTACAGACAAATGCCCTACATGT	1	0.8175634399947141
ENST00000408778.1	SNORA11E	GGGGTGTGCTCAGAGCAGGGGGCCTGAAGAATGGCTCCTCTGTTTACAACACACCCAACAGGAAGCTGGGGTCATCGTGATGAGGGGCACAAACTTGTGGCCTCCCTACAGACAAATGCCCTACATGT	1	0.8175634399947141
ENST00000408237.1	SNORA11F	GGGGTGTGCTCAGAGCAGGGGGCCTAAAGAATGGCTCCTCTGTTTATAACACACCCAACAGGAATCTGGGGTCAATGTGATGAGAGGCACAAAGCTTGTGGCCTCCCTACAAACAAATGCCTACATGT	1	0.8506805435263799
ENST00000408823.1	SNORA11G	GGGGTGCGCTCAGAGCAGAGGGCCTTAAGAATGGCTCCTCTGTTTACAACACACCCAACAGGAATCTGGGCTTACTCCTCACAGGTGGCATGATACTTTGGCCTTCCTGTGACATCATGCCCTATACAT	1	0.8262765874316692
ENST00000384107.1	SNORA1	TGCCTCATTCTAGAGAATGGGCACTGTTGATCATGGTGTCCAAAAATAGTTAATGTGGCTAAATTGAGACAGGTTATGCTTCCATCACAGTATGCATATTGCAGTGGTGACAATGAGACCTGTAACATTT	1	0.920345233400221
ENST00000391162.1	SNORA12	AGTTGTGGTGGTTTTCTTTTTGGCACATTTGTTAAGTTTTCAAATGGGCCTAACTCTGCCACATATATAATATCGGAGATGGCAAAGGCTTGTGACGGAGATATCTCTCTTAAGCCTTTCCTGCATCAGAGAATGGCTCCCACATGT	1	0.780844107295805
ENST00000458790.1	SNORA13	AGCCTTTGTGTTGCCCATTCACTTTGGAAACTAGTGAATGTGGTGTCAAAAAAGGCGTAAATTAAACGCTTTGCAGCCTTTTCCTGCCCTTAAATTTGATACCTTTGGTGTAGGAGCTGCATAAGTAACAGTT	1	0.6567689673717868
ENST00000364773.1	SNORA14A	TTGCATTCTTAAACCCTCTTGGTGGCTTCCCTGTAAATGCTTCCAAGATATGAGCGAATGCTATAGAAATTGCAGGAAAGTCCAAAGGGCTGCGCGTCTCCTGTGGCTCAGTCTTATTTCATACCTGCAACATCT	1	0.5115385072038825
ENST00000384452.1	SNORA14B	CTGCATTCTTAAACCCTCTTGGTAGCTTCGTTCTAAGTGCTTCCAAGATATGAGTGAATGCTATAGAAATTGCAGGGGAGTCCAAAGGGCTGCGCTTCTCCCGTGGCTCAGTCTTATTTCATACCTGCGACATCT	1	0.710387038250704
ENST00000384439.1	SNORA15	GCATGGCCGAATACTGTGTTTTTATCAGTAGTTTACACAGCCAGACACCATGCAAAAGCAGTCTTCCCTTTAGAATGACTGATGGTATGCTAAGGTTTTTCATAGCATATCATTATTAAAGGTGAATACAAAT	1	0.8365180058725974
ENST00000384334.1	SNORA15B-1	GCATGGCTGAATACTGTGTTCTTTTATCAGTAGTTTACACAGCCAGACACCATGCAAAAGCAGTCTTCCCTTTAGAATGACTGATGGTATGCTAAGGTTTTTCATAGCATATCATTATTAAAGGTGAATACAAAT	1	0.9469821129926945
ENST00000384058.1	SNORA15B-2	GCATGGCTGAATACTGTGTTCTTTTATCAGTAGTTTACACAGCCAGACACCATGCAAAAGCAGTCTTCCCTTTAGAATGACTGATGGTATGCTAAGGTTTTTCATAGCATATCATTATTAAAGGTGAATACAAAT	1	0.9469821129926945
ENST00000384342.2	SNORA16A	CCCTTGGCCCTTATCGAAGCTGCAGCTGCTTCCGCATAGCTGCTGTGGTCAAAAAGGAGCCCAGAGTGACAGTTTTCCTTGACGGTCGCCGTTCTGTTTGTTGTAACTGATCTGCAACATTTTGGGAAAATACAGTT	0	0.2023007408217669
ENST00000364674.1	SNORA16B	TATGGCCTTTATCAAAGCTGCAGCTGCTTCCATGTAGCTGCTGTGGTCAAAAAGAAGCCAAGAGTGACAGTTTTCCTTGATGGTCATAGTTCTGTTTGCTGTAACTGATCTGCAAGATTTTGGGAAAATACCATT	0	0.43299432654742437
ENST00000391185.2	SNORA17A	ACTGCCCCTAGAGGCGTTGCAGCTGTGGCTGCCGTGTCACATCTGTGTCATTAGGTGGCAGAGATTAGAGAGGCTATGTCTACGCTCAGCGTTCTGCCCCGTGAACGTTTGAATGTTTGATAGTCTCACACTC	1	0.861814898590175
ENST00000362567.2	SNORA17B	CCTGGACCTGTTGGCACCACAGACAGTTGCTCTGCTGTGCCTGTGGCCTCGGGGCAAAGAGAAAGTGGCGATTTCTACACTCAGTGCTCGGGAACCAGTGGGCACTGAGAATGGTTTATGGCCTGACATT	1	0.5833503570921453
ENST00000384416.1	SNORA18	GTTGAGGTCTATCCCGATGGGGCTTTTCCTGTAGCCTGCACATCGTTGGAAACGCCTCATAGAGTAACTCTGTGGTTTTACTTTACTCACAGGACTATTGTTAGATCTGTGGGAAGGAATTACAAGACAGTT	1	0.7962998988527641
ENST00000384737.1	SNORA19	GTGCACATTTCATTGACCTGCTTTCTTTTATGTGAGTAGTGTTATTTCTTATGTGCTATACAAATAATTGAAGGCTAATTAGCAGTATAACTATAAATAGTAATGCTGCCAGTCTCCTTCAGACAAAA	1	0.9606173442789218
ENST00000362535.1	SNORA1B	AGCCTCATGCTAGATGAGAATGGGCACTGTTGATCAAGGTGTCCAAAAATAGTTAATGTGGCTAAATTGAGATAGGTTATGCTTCCATCACAGTATGCATATTGCAGTGGTGACAATGAGACCTGTAACATTT	1	0.925867388116817
ENST00000384662.1	SNORA20	CTTCCCATTTATTTGCTGCTTGTAGTCTCACAGTGATACGAGCAGTTATACGCATGGGATAAAATAACATTGGGCCACTGTAAATTGAGATGAAGTAACCATTTTCATCTCTTCTGCAGGGACTAGACATTG	1	0.8733480987475324
ENST00000384220.1	SNORA20B	CTTCCCATTTATTTGCTGCTTATAGTCTCACTGTGATATGAGCAATTATACACATGGGATAAAATAATATTGAGCCACTGTAAATTGAGATGAAGTAACCGTTTTCATATCTTCTGCATGGACTAGACATTG	1	0.8077951554277334
ENST00000362423.1	SNORA21	CCCCTTTTAAAAGCACTCAATGGGCCTGTGGCTAATGACCTATTGAGCCGTCAAGAAAGGGGAGAGTGAAAACATCGCTTTTGGGTGAAGTGGCAACATGTGTTGTTTGCTTCAATCGGTGGTGTGACAAGG	0	0.3026906974589241
ENST00000516890.1	SNORA21B	CCTCTTCTCAGAACACTTCCTGGGTCTGATTGGTGGCCCAGGGAGCTGTCAGAGAAGAGCAGAGCAAATGGCCTTCACTTTGTAGATGAGATGGCAGGAGGGTGGATTGTTGGTCTCAGTCAGTGGTGGGACAGAC	1	0.7956516717236899
ENST00000383907.1	SNORA22	TTGCACAGTGAACACCCAAGTGTGCTTTATAGTTCCCTTGGCTTTGACCCTGTGCTAGAGCATTGCCTGCTCTTCTCCTCTGCATTAAAAGGAATATTTATCCTTTTAAATGTATTCAGAAAGCCAGCACATTA	1	0.9108964348872298
ENST00000383876.1	SNORA22B	TTGCACAGTGAACACCCAAGTGTGCTTTATAGTTCCCTTGGCTTTGACCCTGTGCTAGAGCATTCATTACCTGTTCATCTGCTCTGCATTGAAAGGAATATTTGTCCTTTTAAATGTATTCAGAAAGCCAGCACATTA	1	0.8894723635758268
ENST00000384614.1	SNORA22C	TTGCACAGTGAACACCCAAGTGTGCTTTATAGTTCCCTTGGCTTTGACCCTGTGCTAGAGCATTGCCTGCTCTTCTCCTCTGCATTGAAAGGAATATTTATCCCTTTAAATGTATTCAGAAAGCCAGCACATTA	1	0.8800582670365753
ENST00000365128.1	SNORA23	GCTGTAATGTGTGCATAGGTTTCATCTGTGTCTGGTAGCAGTGTCTGTCTGTGTTTTTCATTCAGATCTTGCTATCCACACAAACATCATGCGGCCAAAGAGTAACTTGGGATCATAGTACTGGTCTAGTGTTGTCTCTGGACACATCTACCACTGGCCAGCCTCCAAATTCCCACACACAG	1	0.6383010919726763
ENST00000384096.1	SNORA24	CTCCATGTATCTTTGGGACCTGTCAGCCGTGGCAGTCTCCCTTCCTAGCCATGGAAGAGCATATCCTTGTTTATTGGCAAAGCTGTCACCATTTAATTGGTATCAGATTCTGACTTGCACAAGTAACATTC	1	0.8069413426737546
ENST00000384176.1	SNORA24B	CTCCATGTATCTTTGGGACCTGTCAAGTGTGGCAGTCTCCCTTCCTTGCCATGGAAGAGCATATTCTTGTTTACCAGCAAAGCTGTCACCATTTAATTGGTATCAGATTCTGACTTGCACAAGTAACATTC	1	0.723406693470063
ENST00000384384.1	SNORA25	GGGTCATTTCAAAGAGGGCTTATGAGGCTGTGAAACCCAGAGCTCTTAACGCTGTGACCAAAGATGGAAGTTCTCTATAGGAAGCCATAGCACTCCTAATGTTTGGTGCTATGTTTTCCTGAGGAGATATAAAA	1	0.8035667341050722
ENST00000365507.1	SNORA25B	AGGCCATTTTAAAGAGGGCTCATGGGACTATGAAACCAAGAGCTCTTAATGCTGTGACCAAAGATTGAAGTTCTCTATAGGTTGCCAAAGCACTCAGTGGTGCTGTGTTTTCCTGAGGAGATATAAGA	1	0.7990407978741567
ENST00000391286.1	SNORA26	GTGCCCTTTTAAGGTTGACCCAGTGCTTTAAGAGGCTAACACAGAAGGGTAAAGTAAGTCTCCATAAAACCCAGAGAAGAGACTGGAAAGCTCCTCTTTGGATCCTGTCTGGAGTCACAACT	1	0.5604795493928454
ENST00000384323.1	SNORA27	TACCCCCTTTTCACTTTGCCAGTTGGACTTATGTCTTTATTGGTCATTCAAGTGGGGCAAAGGAAATATCCTTTTAAAACTCAGGCAAACTGGGTGTTTGTCTGTATCCTGTCAGAGGAAACAAAT	1	0.6346896483747076
ENST00000606769.1	SNORA28	AAGCAACACTCTGTGGCAGATGATCAAAACTGTCTGACACAATTTGAGCTTGCTATAGCAAGAAAGTCTAACCTATTCCGGTGTTCTCTCTCCCATGAGACAAGCCGTTATATAGACTTAAACAGT	1	0.6101917537285001
ENST00000384183.1	SNORA29	TTTCTCATTTGACTACCACATTTTCTCCTAATAATAGATTTTAGTGGCTATGCTTATGGGATAGATTAAACTTGCCATGATCTGAAGAGGGAGGGTTTTTTCATGTCCTCCTCCTATATGAAATGGCTGAACGGATATTA	1	0.7399811365035834
ENST00000383885.1	SNORA2A	TAGGCCCTGAATCAAGACCAATGGTTTGCTGTAGCTGTTGGTTTCAAACAGGAGCTAAGAGTGATGTCTTCCTTGTGGTCTGTTGGCTATTCAGTATTCCAGTGCGAATTGCCAATTCAGTTGGAAGAAACATAG	0	0.37485260776755747
ENST00000384583.1	SNORA2B	TTGGCCCTGAATCAAGGCCAGCAGTTTGCTGAAGCTGTTGGTTTCAAGCAGGAGCCTAAAGAATTGTCTTTCTATGGTCTGTTGGCCATTTCATAACTTTGGAAATGTAATGGTCAATTCATTAGAAAGAAACATGA	0	0.43181172093203773
ENST00000408564.2	SNORA2C	GTGGCCCTGACTGAAGACCAGCAGTTGTACTGTGGCTGTTGGTTTCAAGCAGAGGCCTAAAGGACTGTCTTCCTGTGGTCTGTTGGCTGTTCTGGGACCTCAGTAGGGAATGGCTATTTCATTTGGAAGAAACAACC	0	0.4125541549512606
ENST00000384028.1	SNORA30	CTGGCACTTTCACAGTTCCTTCCCCAGGCAGTGGGGCCAGGATTTGGTAGCTGGTGCTGAGAGAAAACCCTTGATTGTATTCTTGCCCTGGGATTATACCAGTGGCAACTGTCACTCAATGGGACAGTG	1	0.8365205825259213
ENST00000365319.1	SNORA30B	CTAGCATTTTCACAGGTCCTCCCTCAGGCTATGGGGCCAGGATTTGGTAGCTGGTGCTGAGAGAAAACGCTTGATTGCATCCTTGCCCTGGGACTGTGCCAGTGGCAGCTGTCACTCAATGGGACAATT	1	0.8862267998059083
ENST00000362607.1	SNORA31	CTGCATCCACTGATAGACCTTGAACAATTTACTGTTGTTCTTTTGGTTTGCACTAGGATGCAAAAGAAAGAAATCCCTGCGCTTTCTGTCTGTCTTTGTGGCGGCCCAGATTGAATTGGGGAATACATCT	1	0.5065833642339864
ENST00000384072.1	SNORA32	TGGTCATTACCAAGGCTTTTAGAATGCAGTTTCTCATTTGCTGTGGACATGACCATAAAAAAATTTCCCAGTAGGTTTTCTATCTGCTACTTTGCTAGCAATCAGCTTATTGGGAACAGTT	1	0.7606010819577601
ENST00000363664.1	SNORA33	AAGCCAGCCAATGAATCTGCTTACCTGATTGTGTTTGTGCAGACATACTTTAAAAACTGGCAATAGTAAAGCCATGTTACGAGCCTTAAGGACATTGAAGTCGTTAAGGTCCCTGAGAATGGCTATAACA	0	0.4169907614918349
ENST00000386104.1	SNORA35	CAGCACTGCCAAGTGACCCATTGGGCTCCATCTTGACCAACTGGGCATCAAGCGGTGCAAAAGCAAATCCCTCTCAAAGCTGGGAGAGTCACACCGTGGGCTACTCCTGCATGCAGCTGGGTACATAT	1	0.6934356965215057
ENST00000607417.1	SNORA35B	CAGCATTGTGCAATGGCCTTTGGTTTTTCTTGTAACCAGTTAGGTCTGAAACCAATGCAAAAGAAATTTCCTTTTTCCACGAGAAACATCCCTGCAGTGGGTTGTTCCTATCGACAGGAGGTTACACGT	1	0.5737424825074877
ENST00000384221.1	SNORA36A	TTCCAAAGTGTTGAGTTCAGTCCAGGGCAGCTTCCCTGTTCTGTTAATTAAACTTTGGGACATTAAAATGGGCTAAGGGAGATGATTGGGTAGAAAGTATTATTCTATTCATTTGCCTCCCAGCCTACAAAA	1	0.7676290773491014
ENST00000410438.1	SNORA36B	TTCCAAAGTGTTAAGTTCAGTTCAGGGTAGCTTCCCTGCTCTGTTAATTAAACTTTGGAACATTGAAACTGGCTAGGGAAAATGATTGGATAGAAACTATTATTCTATTCATTTATCCCCAGCCTACAAAA	1	0.5980576440284923
ENST00000384289.1	SNORA36C	TTCCAAAGTGTTGAGTTCAGTCCAGGGCAGCTTCCCTGTTCTGTTAATTAAACTTTGGGACATTGAAATGGGCTAGGGGAGATGATTGGGTAGAAAGCATTATTTTATTCATTTGCCTCCCAGCCTACAAAA	1	0.8285892441677836
ENST00000384504.1	SNORA37	TGAGCACTTTCACAGGTCCTCCCTCAGGCTGTGGGGCCAGGATTTGGTAGCTGGTGCTGAGAGAAAACCTTTGTTGGCATCCTTGCCCTGGGACTGTGCCAGTGGCAGCTGTCATTCAATGGGACAATT	1	0.8938359932659453
ENST00000363946.1	SNORA38	TCCTCCTACAAAGGCGTGTCTGTGGTTCCCTGTCTTTGGACACGTAAGAATTGGAGGAAAATAAATGTGGATTTGGGAAACTTTGAGGCCAGCTTGCTTCTTGCAGGCTCATGATCAACCAATCTCACATAA	0	0.3458552313418681
ENST00000363524.1	SNORA38B	CCCTCCTACAAAGGCATGTCTATAGTTCCTTGTCTTTGGACATGTAAGAATTGGAGGCAAAGAAATGTGGACTTGGAGAAATCTGGGGCCAGCTTGCTCTCCGCAGGCTCAAGATCAACCATCCCACATAG	1	0.5758961372083129
ENST00000364113.1	SNORA3A	ATCGAGGCTAGAGTCACGCTTGGGTATCGGCTATTGCCTGAGTGTGCTAGAGTCCTCGAAGAGTAACTGCTGACCTTATTCACTGGCTGTGGGCCTTATGGCACAGTCAGTCACCAGGTTAGAGACATGC	1	0.7816249365010373
ENST00000391305.1	SNORA3B	GCCGAGACTAGAGTCACATCCTGACACAACTCTTGTCCTGGTGTGCTAGAGTACTCGAAGAGAATCTACTGGTCTTGATTCACTGGTGGGGGCAGTCGGTGCCCCCGTTAGTGCCCAGATCAGAAACATAC	1	0.5802041256421561
ENST00000408792.1	SNORA3C	GCCGAGACTAAGTCGCATGCTGACACAGCTCTTGGTGTGCTACGGTACTTGGAGAGAATCTACTGGTCTTGATTCACTGGTGGGGGCAGTTGTTGCTTCCTTTAGTGCCCAGATCAGAAACATAC	1	0.6322314046613121
ENST00000388090.1	SNORA40	TGCACTTATGTATGTTTTTGTTTAACGTGGACAAAGACTTACAGATAGGTGCAAAAAATAAATCCTCTTTTGCAACCCAGAACTCATTGTTCAGTATGAGTTTTGATACATATAAGAAGGGATATT	1	0.8202739441754263
ENST00000385573.1	SNORA40B	TGCACTTATGTATGTTTTTGTTTAACTTGTGGACAAAGACTTATGGATAGGTGCAAAAAATAAATCCTCTTTTGCAACCCAGAACTCATTGTTCAGTATGAGTTTTGATACATATAAGAAGGGATATT	1	0.8038304633193177
ENST00000391285.1	SNORA40C	TGCACTTATGTATGTTTTTGTTTAACTTGTGGACAAAGACTTTAGGAAAGGTGCAAAAAATAAATCTTCTTTTGCAACCCAGAACTCATTGTTCAGTATGAGTTTTGATACATATCAGAATGGATACT	1	0.7961842599359172
ENST00000384675.1	SNORA41	TTCCACAGCTACTGGTCTGCAGCTGTTCTTATGGTAGCAGTTGTGGCATTCCTCTGTGGGAAAGAAACTGTTAACACAAACACCTCTTTCTTAGCAAAACAGAAAGTGGGTATATATGTGTGACAGACACAA	1	0.8979672951803236
ENST00000384785.1	SNORA41B	TTCCACCACTATTGGTCTGCAGCTCTTCTTATGGTAGCAGTTGTTGCATTTCTCTGTGGGAAAGAAAAGAGGATTAAACACCTCTTTCTTAGCAAAACAGAGAGTAGGCATATGTGTGACAGACACAA	1	0.7963785012630862
ENST00000584302.1	SNORA4	CTACCAAAAGTTAGCTTTTTGGGGGGCAGGTTTTTAAGTAACCTTTGCCAACTTGGGCTATTTGGAAGAGTAAAAGACCACACTCCACAGTGGGCTATACCACTTAGTATAGTTCGCTACTATTTTGTGGCCTACATG	1	0.8919788303399907
ENST00000384584.1	SNORA44	CAGCATGTTTCCAAGGGCTGTGGCTGGTCATAGCCATGGGATCTCCAACTGCATGCAAGAGCAACCTGGAAAGACTTTGACAGCGCAGGTCAGTACAATACCTGCAAGCTGCCACTCAGCTTTCCTATAATG	1	0.517718158504275
ENST00000384762.1	SNORA46	AGCACTATATTTAAACCTGTGGATGGGAATATTCCCCATTCTTGGTTACGCTGTAGTGCAAAAGAATTCCTGGCTCTCTGTTGCACAGCTGACTTGTGCCATTCTGCTGTTGCTGTATAGAGTTAAGGAACATGG	1	0.8909201064532324
ENST00000458862.1	SNORA47	TGGAGGACTGAGAAGGTGAGGCAGTTTTGCCCCGTGCTGCCTTCCACCGGTTAAGACCTCCAAAATCGAAGGGCTGCCCAGGCAGAGGATGTCCCCTTGCCACCCTTGGAGGGGCAGCGCTGTGCTGGCCGACATTTG	1	0.6166920842790282
ENST00000386847.1	SNORA48	TGTCCCTGACCTGGGTAGAGTGGCATCTGGTTGGTGATGCCCATCTCATATCAGCCAGGGACAAAGCAACTCCTTGTTCATCCCAGCTTGGCTTTTGATCCGTGCCCATGCCTGGTTCATGCCTTGGACACATAG	1	0.8334008028343812
ENST00000390912.1	SNORA48B	TTTCCCTGACCTGGGTAGAGTGGCATCCAGTTGGTGGTGCCCATCTCATATCAGCCAGGGACAAAGCAACCCCTTGTTCCTCCCAGCTTGGCTTTTCATCTGTGCCTATGCCTGGTTCATGCCTTGGACACATTT	1	0.8717632431265981
ENST00000386157.1	SNORA49	CTTCCTCAGCCTTACTCCAGGGACTTTTTGTTGCCTGTAAAGTGCTCTGGCATTGCCTGAGGATAGATGAGAAAGCACATATCCCTCCCCAGTAAGACGCTGTTTTCTTTTGGGGCCTACAAGTTGAGCTGACAGT	1	0.9015680545113084
ENST00000384225.3	SNORA50A	GCACTGCCTTTGAACCTGATGTGTCTTGTTTGTAGCTTCACGGGCCAAGCAACAGTGCTAGAGCATAACGACTTGTTATAACTGGGGCTCTTCAGCTCTCAACTGAACTGCTCTTTTAAAAACAAGGTACATTT	0	0.48724274941278684
ENST00000517198.2	SNORA50B	GCACTGCTTTAGAGCCTCTGCGTGTCTGGCTGTGGCCTCAGGGGTCTAGCAGCAGTGCTAGAGCAGACCCAGCTTGTCAGATCCGGGGCTGCTTAGAGGCCACCTAAGTGATTCCTTTGGCAGCAAGCAACATTC	1	0.8424731642233027
ENST00000408535.2	SNORA50C	GCGCTGTCTTTGAGCCCCCGCCGAGCTTCCTCGTGGCGCCGGGGGTCAATCTGCAGCGCTAGAGCATGTGCTTGCGCATAACTGGGGCCGCCTGGCCTCCCGCGGGCGGCCTTTTTAACCGCGAGCGACAAGA	0	0.0322742281821171
ENST00000627561.1	SNORA50D	GCGCTGCCTTTGTACCCCACCGTGCCTCCGCCTGGTGTCTGGGGTCAGGTTGCAGTGCCAGAGCACGTGCTTGCGCATAAATGGGGCAGCCTGGCCCCCTGCGGATGGTCCTTTTAACCGCGAGCAACAAGG	1	0.5156049373284508
ENST00000606420.1	SNORA51	GGCCTCCTGGTGCTTACCACAGGCTGTGTTCTTACACTGACTGTATAGAAAGAGGAGGTAGAGTAAACCTACCCCATATACACCTCAGCTCAGGCCCTGTGCCTGGTCTGTATTGTGAATGGGGGAACATAG	1	0.8866982476959621
ENST00000362915.1	SNORA52	TGGTCCATCCTAATCCCTGCCGGTCCATCTGTGGCCTGCCAGGTTTCGCTTGTGGACCAGAGCACCCTAGAAGCCTCACCCGAGGAGTGAGCAGGGCTCCAGTGGGCTCACGTCATGGGCACTTCTAGACACTC	1	0.8915829829692069
ENST00000391141.1	SNORA53	AACATGCTTCCTTAGATCCACCTTTGTGGATGAATCTTGAACTGAGTTCCACTTGTAAACTTCTTGTTTCTTGTGGTTCCAGTAGTCAAAGAAACATCCAGCAACTTTTTTGGTTGTATAGTCAAAGGTGCTTGAGTCATTGGCATGTAAGAGAAATATACCTGCATGTTAGTCTAACGTTCTGATAGAAATGACATGCATTTATGCTGCCATTTGTTACTATCAGGACTCGACTCGTGTGCGGACATT	1	0.7733984250807359
ENST00000384281.1	SNORA54	GAGCACTGTTCGTAACCCGTTAGCCTGGCTGTAGCTAATGGGTTCCATTCCGGTGCAATAGCATTTCCAGCGACACATGACTGACTGACTGGTGGCTTTCAGTTTCAGGTCTTGGAGACAAAT	1	0.5140301942944693
ENST00000364587.1	SNORA55	GCACCTGAATCTTTCCCATTCCTTGCTGCCTCGTGCCGGTGTGGGGACAGATGGTGCTACAGAATGAGCAGAGGAAATCCAGACAGGTTGTTTTCCATTTGTCTTGGGGCCTGTCTCTACAGCTCTGCCACATTT	1	0.8516300084027406
ENST00000383966.1	SNORA56	CGGCAGACAGTTATCCCTTTCTAGTCTGGCTCGTGGGACTCTAGAGGGAGTCAGTCTGCAACAGTAAGTGGTGAGTTCTTCTGTCCAGCGTCAGTATTTTGATGGTGGCTTTAGACTTGCCAGATAACA	1	0.9292011516360918
ENST00000383870.1	SNORA57	CCTCCTTTTCTTGGCGGGGATCGGGCTTGTGGTGCCGCTCCCCGTAATGTACGGAGGAAGAGGGAAAGGGCTCTGGCCCCCTCGGCGTCATGTCTTCGGTGCTGGCGGCTTCCCATCCGCTGGTTCTATCCTCAAACGCCGGGACACCG	0	0.3440360881760874
ENST00000505219.1	SNORA58	GGGCATACTCGTAGACCTTGCCTGACTGTGCTCATGTCCAGGCAGGGGGGACAGTGTATGCAAGAATAATTTGGAGTTCCTGCCAGCTCTAACCAGCTTCATCAGTGGCTGGATAAATTGCAGGACTCTAAACATTT	1	0.5973612524586143
ENST00000364259.1	SNORA58B	GGGCATACCCGTAGACCTTGTCTGACTGTGCTCATGGCCAGGCAGGGGGGACAGTGTATGCAAGAGTAATGTGGAGTTTGTGCTAACTCTAGCCAGCTTAATTAGTGACTGGATAAATTGCACAACTCTCACATTC	1	0.7240066584931935
ENST00000459326.1	SNORA59A	GCCCAGGGTATGTTCACGGGGCGATGCTGCCCTCCCAGCTGGCCCATGGGTGACCCTGGGAACATTAACTGCCTCACAACGTTTGTGCCTCAGTTACCCGTAGATGTAGTGAGGGTAACAATACTTACTCTCGTTGGTGATAAGGAACAGCT	1	0.8364035500272102
ENST00000458926.1	SNORA59B	GCCCAGGGTATGTTCACGGGGCGATGCTGCCCTCCCAGCTGGCCCATGGGTGACCCTGGGAACATTAACTGCCTCACAACGTTTGTGCCTCAGTTACCCGTAGATGTAGTGAGGGTAACAATACTTACTCTCGTTGGTGATAAGGAACAGCT	1	0.8364035500272102
ENST00000384111.1	SNORA5A	TGCAGCCGTGTCAAATTCAGTACCTGTCCTATGCATGGTAGGCACTGGCCCAGAAGGCTGCCACAGAAACACTGTGACTCATGGGCCCTGTTCCTGTGTCCCAGGCTCAGGGATAAATTTGGTTACAGACATCA	1	0.9003547856187699
ENST00000363786.1	SNORA5B	GGCAGCCATGTCAAATTCAGTGCCTGCCCTGTCTATGGTAGGCACTGGCCCAGAAGACTGCCACAGAAACAGTGACTCACAGGCCCTGTTACTGTGTCCCAGGCTCAGGGATAAATTTGGTTACAGACACCA	1	0.8272344802674528
ENST00000364902.1	SNORA5C	TGCAGTCAAGTCAAATTCAGTGCCCGTTTCTGTCATAGCGGGGGCTGGCCCAGATGGCTGCCACAGCAAGCTCCACAGCTCATGGGCCCTGGGTCACCTACCCTGGGACCTGGGGATAAGTTTGGCTGTGGACAGTG	1	0.6238609483038733
ENST00000362396.1	SNORA60	ACCTGCATTCAAAAATGATCACGGGCTGCCTGTGCTCTGGTCATCAATAACGCAGGGAGAGGAATTGCTGAAAGCCGTTTCCCGTGTTTGGAGGGTTCACACCTGTCCCTTTCAAATGCTGGCGCTTTCACACA	1	0.5070256352878102
ENST00000384581.1	SNORA61	ATCCTCCTGATCCCTTTCCCATCGGATCTGAACACTGGTCTTGGTGGTCGTAAAAGGAGGAAAAGTAATAGTGAAGCTGGCCTAAATGTTGTAATCTGGTATATGGCATGTGGGCTAGTTTCAGACAGGT	1	0.6987035046521538
ENST00000384033.1	SNORA6	GCTGCACACTATTAAAGCTCAGGGTGGAGGCCAGTCTTGGCTCATGAACTTCTGAGTGTCGGAAGTGTGCTATATCAATGGCAGGATTTTCGCTAACACCAGTAGAGCTTGCCTCTATGACTGGAGTTTGGTAGTACTCGCTGCCACATAG	1	0.7739812078385028
ENST00000365493.1	SNORA62	TGTGCACATTGTTAGAGCTTGGAGTTGAGGCTACTGACTGGCCGATGAACTCGCAAGTGTAGGTAGTGTGCTACATGAGGGGCAAGTTTTCGCTAACACCACAAGGGTCTCTGGCCCAATGAGTGGAGTTTGATAGTAATTCTTGCTACAAGT	1	0.8686152468361819
ENST00000363450.1	SNORA63	AAGCAGGATTCAGACTACAATATAGCTGCTAAGTGCTGTGTTGTCGTTCCCCCTGCTTAAAATAAAGTTGTTTCTTAACTATACCTGTCTGCTATTCTCCTGTAGCAGCCAGGGACGCTTGGTCTCATACAT	1	0.786130630774116
ENST00000363548.1	SNORA63B	ATGCAGGTACTGTTACAATACAACTGATGTGTTTTGTTGTCGTTCCCCCTGCTTAAAGCACTTGATGCATAACTCTGTCTACCTTCATTCCGTAGTAAGACAGAGACGCTTGGCTTCAGACAT	1	0.5380492857555685
ENST00000364578.1	SNORA63C	AAGCAGGATTCAGACTACAATATAGCTGTTAAGTGCTGTATTGTCATTCCCCCTGCTCAAATTAAAGTTGTTTCTTAACTATACCCATCTGCTATTCTGTAGCAGCCAGGGATGCTTGGTCACATACAT	1	0.7967829921446106
ENST00000364359.1	SNORA63D	AGGTTGGATTCATTGTTACAATATAGCTGTGAAGTGCTATGTTGTCCTTGCCCCCTGCTCAAAGCAATTGTTTCCCACAATCTCTGTCTCACTCGGTTCTATAGTAAGACATGGACGCTTGGTCTCAAACAT	1	0.585158660539998
ENST00000362493.1	SNORA63E	AGGCAGGATCTAGTTACATTGTAGCTGTGAAGTGCTGCATTGTCTTTGCCCCCTGCTCAAAATAAAACTGTTACCTTTCAAGCCCTGTCTGCCATGGTGCTGTAGCAGCAGGGATGTTTGGTCTCATACAT	1	0.7423209643997982
ENST00000384674.1	SNORA64	ACTCTCTCGGCTCTGCATAGTTGCACTTGGCTTCACCCGTGTGACTTTCGTAACGGGGAGAGAGAGAAAAGATCTCCTCAGGACCTCGGATGGGCCTTACTGTGGCCTCTCTTTCCTTGAGGGGTGCAACAGGC	1	0.7343738441627603
ENST00000364432.1	SNORA65	CCCGCCACTGCACCTGACCAGGTCTCTGTTGGCTGGTGCAATCCAGTGGTGAGCTGATAGTAAACCCCAGCTTAGGAAACAGGGTTGTTCTTCATGTGGATGACTCTGTGCCGAAAGCATGGGAACAGCC	1	0.7890153705715288
ENST00000384792.1	SNORA66	GTGCAAACTCGATCACTAGCTCTGCGTGATGTGGCAGAAGCGAAGGGAACCAGGTTTGCAAAAGTAACTGTGGTGATGGAAATGTGTTAGCCTCAGACACTACTGAGGTGGTTCTTTCTATCCTAGTACAGTC	1	0.5504797433939654
ENST00000384423.1	SNORA67	ATCCAAGGTGATTCCCTCTCCAAGGGGACATCAGTGCCTCTCAGGAAAGTAGCAGCTTGGAATAGAATCTGGCATGCCTAAGGCCTTTGGGGAACTGGGATGCTTATTTCCTCTGCCTTCCTTGGCTGCCCACATGG	1	0.6543777881153332
ENST00000384437.1	SNORA68	ATTGCACCTAAACCCAAGAATCACTGTTTCTTATAGCGGTGGTTTAAACAGAGGTGCAAACAGCAAGCGGATCTTGTCGCCTTTGGGGGGCTGTGGCCGTGCCCCTCAAAGTGAATTTGGAGGTTCCACAACT	1	0.6754377923937949
ENST00000364518.1	SNORA68B	TTCTCACCTAAACCCAAGAATCACTGTTTCTTATAGCGGTGGTTTAAACAGAGGTGCAAACAGCAAGTGAATCTCGTCGCCTTTGCGGGGCTGTGGCCATGCCCCTCAAAGGAAATTTGGAGGCTCTACAGCC	1	0.6537467173481246
ENST00000383895.1	SNORA69	AAAGCAGGTTGCAATTACAGTGCTTCATTTTGTGGAAGTACTGCCATTATCCTGCTGAAAGAAAAGCCGTGTTAATCATTTTTGATTTTGCCTTTATGAGGGTAAAATCATGACAGATTGACATGGACAATT	1	0.7218431807941911
ENST00000384436.1	SNORA70	CCGCAGCCAATTAAGCCGACTGAGTTCCTTTCCTCATGGGGACCCAGTGTGCGATGGCTGCACACAGCAGCTTCCTTGGTAGTGTACGCAGCCTGTTGGTTGTATGGGTTGCTCTAAGGGACCTTGGAGACAGGC	1	0.7958709884892164
ENST00000384210.1	SNORA70B	CTGCAGCCAATTAAGCTGACTGAATTCCTTTCCTTATGGGGGTCCAGTGTGCAATGGCTGTAAACAGCAGCTTCCTTGGTAGTGTATGCGGCCTGTTTGTTGTATAGGTTGCTCTAAGGGACCTTGGAGACAGGC	1	0.8298919622924271
ENST00000384538.1	SNORA70C	CTGCAGCCAATTAAGCCAACTGGGTTCCTTTCCTCATGGGGGCCCATTGTGCAATGGCTGCAAACAGCAGCTTTCTTGGTAGTGTATGCAGCCTGTTTGTTGTATGGGTTGCTTTAAGGGACCATGGAAACAGGC	1	0.7494202308258838
ENST00000578836.1	SNORA70D	CTGCAGACAGTTAAGCCAACTGAGTTCCTTTCCTCAGGGAGGCCCAGTGTACAATGGCTGCCCACAGCAGCTTCCTTGGTAGCGTACTCAGCCTGTTTCTTGTATGGGTTGCTCTAAGGGACCTTAGAGACAGGC	1	0.7757898427279009
ENST00000384492.1	SNORA70E	CTGCAACCAATTAAGCCGACCTAGTTCCTTTCCTCTTTGGGGCCTGGTGTTCAATAGCTGCAAACAGCAGCTTCCTTGGTAGTGTATGCAGCCTGTTTCTTGTATGGGTTGCTCTAAAGGACCTTGGAGACAGCC	0	0.3664442019786188
ENST00000384142.1	SNORA70F	CTGCAGTCAATTAAGTGTACTGAGTTCCTTTCCTTATGGGGGCCCAGTGTGCAATGGCTGCAAACAGCAGCTTCCTTGGTGGTGTATGCAGCCTGTTTCCTCTATAGGTTGCTCTAAGGGACCTTGATAATAGGC	1	0.8217180024894726
ENST00000383923.1	SNORA70G	CTGCAGCCTATTAAGCCAACTGAGTTCCTTTCCTCATGGGGGGGCCCAGTGTGCAATGGCTGCAAACAGCAGCTTCCTTGGTAGTGTATGCAGCCTGTGTGTTGTATTGTATGGGTTGCTCTAAGGGACCCTGGAGACAGTC	1	0.7282073909209659
ENST00000383910.1	SNORA70H	CTGCAGCCAATTAAGCCGACTGAGTTCCTTTCCTCATGGGGGCCCAGTGTGCAATGGCTGTAAATAGCAGCTTCCTTGGTAGTGTATGCAGCCTGTTTGTTGTATGGGTTGCTCTAAGGGACCTTGGAGACAGTC	1	0.5956577967293961
ENST00000384544.1	SNORA70I	CTGCAGCCAATTAAGCCAACTGAGTTCCTTTCCTTGTGGGGGCCCAGTGTGCAATGGCTGCACACAGCAGCTTCCTTGGTAGTGTACACAGCCTGTTGGTTGTATGGGTTGCTCTGAGGGACCTTGGAGACAGGC	1	0.8779629035944628
ENST00000384182.1	SNORA70J	CTGCAGCCAATTAAGCCGACTGAGTTCCTTTCCTCATGGGGGCCCAGTGTGCAATCGCTGCAAACAGCAGCTTCCTTGGTAGTATATGCAGCCTGTTTATTGTACGGGTTGCTCTACGGGACCTTGGAGACAGGC	0	0.40079847028706117
ENST00000364729.1	SNORA71A	TCCTGCATCCGAAAGTGATCATAGGCTGCCTGTGCCTAGGTCATTGATAGTGCAGGGAGAGGAACGCTGAAAGAGGTTGTCCCCGTGTTTGGAGGGTCCACCCTATCCCATCCGAACCCTGAAGCTTTCACACA	1	0.7103308538100508
ENST00000364546.1	SNORA71B	CCCTGTATTCGAAAGTGATCGTGGGCTGCCTTTGCCCTGGTCATTGATAGTGCAGGGAGAGGAATCAATGAAAGCGCTTCCCCGTGTTTGAAGGGTCCACTCCTATCCCTTCCAAACTCTGGAGCTTTCGTACA	0	0.2569765807256711
ENST00000364642.1	SNORA71C	CCCTGCATTCGAAAGTGATCATGAGCTGCCCGTGCCCTGGTCATTGGTAGTGCAGGGAGAGGAACTGCCGAGAGCACTTCCCCGTGTTTGGAGGGTCCACTCCTGTCTCTTCCAAACCCTGGAGCTTTCCCACA	0	0.48154065250270695
ENST00000363484.1	SNORA71D	ACCTGTATTCGAAAGTGATCGTGGGCTGCCTGTGCCCTGGTCATTGATAGTGCAGGGAGAGAAATCGCGGAAAGTGCTTCCCCGTGTTTGGAGGGTCCGCTCCTGTCCCTTTCAAACTCTGGAGCTTTCTCACA	0	0.3749369443166347
ENST00000365032.1	SNORA71E	GCCTGCATTCGTAAGTGATCACGGGCTGCCCGTGTCCTGGTCATTGGTAGTGCAGGCAGAGGAAATGCGGGAAAGGTTGCTGTGTTTGGAGGGTCCACATCTTCACCCTCCTGTCCCAGGAGCTTTCCTACA	1	0.9316524230424867
ENST00000384339.1	SNORA72	CTGCGAATATTCTCGCTGTTCTGATTTTGTAATAGTCAGGACAGGCTAAACATTCGCTATATTAAGACCATGCATGTGTCCCCAAACCTAGTTCTTTCCCTAGGTCTGGTTTTATAAATGCTGGTGATAAAC	1	0.9017588712365587
ENST00000364938.1	SNORA73A	CCAACGTGGATACACCCGGGAGGTCACTCTCCCCGGGCTCTGTCCAAGTGGCGTAGGGGAGCATAGGGCTCTGCCCCATGATGTACAAGTCCCTTTCCACAACGTTGGAAATAAAGCTGGGCCTCGTGTCTGCGCCTGCATATTCCTACAGCTTCCCAGAGTCCTGTCGACAATTACTGGGGAGACAAACCATGCAGGAAACAGCC	0	0.30560662953801115
ENST00000363217.1	SNORA73B	CCAACGTGGATACCCTGGGAGGTCACTCTCCCCAGGCTCTGTCCAAGTGGCATAGGGGAGCTTAGGGCTCTGCCCCATGATGTACAGTCCCTTTCCACAACGTTGAAGATGAAGCTGGGCCTCGTGTCTGCGCCTGCATATTCCTACAGCTTCCCAGAGTCCTGTGGACAATGACTGGGGAGACAAACCATGCAGGAAACATAT	0	0.4922418374291534
ENST00000364089.1	SNORA74A	TCCAGCGGTTGTCAGCTATCCAGGCTCATGTGGTGCCTGTGATGGTGTTACACTGTTGGAAGAGCAAACACTGTCTTTATTGAGGTTTGGCTCCAAGCACTGTTTTGGTGTTGTAGCTGAGTACCTTTGGGCAGTGTTTTGCACCTCTGAGAGTGGAATGACTCCTGTGGAGTTGATCCTAGTCTGGGTGCAAACAAT	1	0.7630430553038983
ENST00000391100.1	SNORA74B	TCCAGCAGTAGTCAGCCATCCGGACAGAACCGTTCCTGTGATGGTGTTACACTGCTGGGAGAGGAATGTCTTGTCTTCATCCGGTTGCCTGCGCCACTGTTCTGGTGGCGTCTGGCACTGGTGCAAGACAGAGCTGTGCTTCCCCGAGAGTGTGCTAAGCATTCACTTTGGCTGCTTAGTTCTAGTCTGGGAGCAGACAGA	0	0.47954395193083793
ENST00000580726.1	SNORA74C-1	TCCAGCAGTAGTCAGCTGTCTGGACAGAACCATTCCTGGGATCATGTTACACTGCTGGGAGAAGAATGTCTTCTCTTCATCCAGTTGCGTCCATCACTGTTCTGGTGGTGTCTGGCACTGGTGCAAGGCAGAACTGTGCTTCCTTGAGAGTGTGCTGAGCATTCACCTTGGCTGCTTGGTTCTAGTCTAGGAGCAGACACA	1	0.7315197170839814
ENST00000516404.1	SNORA74D	TCCAGCTGTAGGCAGCTGCCTAGGTTGTCTTGTACCTAGGCAAGTGTTACACTGCTGGGAGAACAGCAGCCAATAGCTGGTTGGCATTCTGGCCCTGGTTCATGCCAACTCTTGTGTTGACTACCCCAGGATGCCAGCATA	1	0.8608821000341851
ENST00000384158.1	SNORA75	GTCTTCTCATTGAGCTCCTTTCTGTCTATCAGTGGCAGTTTATGGATTCGCACGAGAAGAAGAGAGAATTCACAGAACTAGCATTATTTTACCTTCTGTCTTTACAGAGGTATATTTAGCTGTATTGTGAGACATTC	1	0.8349773971728439
ENST00000384053.1	SNORA75B	GGCTTCTCATTGAGCTCCTTTCTGTCCATTGATGGCAGTTGATGGATTTGCATGAGAAGAAGAGAGAATTCACAGAACTAGCGTTATTTTACTTTCTGTCTTTACAGAGGTATATTTGGCTGTTTTGTGAGACATTC	1	0.7437228741125094
ENST00000408716.1	SNORA77	GCAGACTCACTATGCACCTGACTGTACTTCCAGGCAGGTGCTTTTTCTGTCTGCCAGAGAAACATTCCAGGGTGCTGTGGCTGCCTCACCTATCCAGGGCGATGCAGCTCCCTGGGGACACAGGT	1	0.9261672180951817
ENST00000578179.1	SNORA77B	GCAGACTCACTCTGCATCTGACTATACTTCCAGGCGGGTGCTTTTTCTGTCTGCCAGATAAACATTCCAGGGTGCTGTGGCCGCCTCACGTATCCAGAGTGATGCAGCTCCCTGGGGACACAGGT	1	0.8961242681417584
ENST00000459373.1	SNORA78	GTTGGTTGAAAATCGCCCCCGGCTTTGGCCGTGGCCGCGGGTGAGATTCGGCGCCCAGAGCCCCCGGGGGCCTCAGCTCACCGCGCGCTGCCCCATGTGCGGCGGTGAAACCCAGGCCCCGACAGGC	0	0.34435251034182074
ENST00000408376.1	SNORA79	TGATGACTGTTCTTCCTGTTGCCTTCAGACCTGGCATTAGGATTTTAGGTCATCATAAATTAAAATTTGATTTTCTTCACTCAGAGAATATTAGGATAATGGAGTTATCTGTTCTCTGAAATTTGCGGAATCAAACATGT	0	0.4482384377457655
ENST00000410557.1	SNORA79B	TGATGGCTGTTCCTCTCACTGCTTGAAGCCTTAGGCAGTGGGATTTTGATCCATCATATATCAAAAATGGCTTATCTTCACTCAGGGCACCATGAGGATGGGCTGGCTGTCCGTTAGTGCCTTCTGATTTTTGCGGAGTCAAACAATT	1	0.6672012053473667
ENST00000384765.1	SNORA7A	GACCTCCTGGGATCGCATCTGGAGAGTGCCTAGTATTCTGCCAGCTTCGGAAAGGGAGGGAAAGCAAGCCTGGCAGAGGCACCCATTCCATTCCCAGCTTGCTCCGTAGCTGGCGATTGGAAGACACTCTGCGACAGTG	0	0.15666405950841322
ENST00000384360.1	SNORA7B	GACCTCCTGGGATCGCATCTGGAGACTGCCTAGTATTCTGCCAGCTTCGGAAAGGGAGGGAAAGCAAGCCTGGCAGAGGCACCCATTCCATTCCCAGCTTGCTCCGTAGCTGGTGATTGGAAGACACTCTGCGACAGTG	0	0.2045200642566753
ENST00000363922.1	SNORA80A	GCATGGGTTTGGATTTATGATGGGCCCGTCCCCCTGGACCTCTCATAGTACCCCATGCCAGAGCAAACTGTAGCCCTGAACCATTGCCTGGCCTCTGTTCCCGTAGGCTGCTGGCACTGAAGTGGGTTGCACAATA	1	0.6619423144906708
ENST00000383906.1	SNORA80B	GCATGGGTTTGGATTTATGACAGGCCCGTCACCCTGGGCCTGTCATAGTACCCCATGCCAGAGCAAACTGTGTCCCCGAACCATTGCCTGGCCTCTGTGCCCGTAGGCTGCTGGCACTGAAGTGGGTTGCACAGTG	1	0.80068262062794
ENST00000362917.1	SNORA80C	GCATGGGTTTGGATTTATGATGGGCTGGATTCCCTAGGCCTCTCATAGTACCCCATGCCAGAGCAAACTGTAGCCCCAACCATTGCCGGGCCTCTATGCCTGTAGGCTGCTGGCACTGAAGTGGGTTGCACAGTA	1	0.8012788259754321
ENST00000384488.1	SNORA80D	GCATGGGTTTGGATTATGACAGGCCCATCCCCCTGGACCTCTCATAGTGCCCCATGCCAGAGCAAACTGTGGCCCCGAACCATTGCCTGGCTTCTGTACCCGTGGGCCACTGGCACTGAAGAGGGTTACACAGTG	0	0.4736327938739482
ENST00000384744.1	SNORA80E	GCATGGTAATGGATTTATGGTGGGTCCTTCTCTGTGGGCCTCTCATAGTGTACCCATGCCATAGCAAATGGCAGCCTCGAACCATTGCCCAGTCCCCTTACCTGTGGGCTGTGAGCACTGAAGGGGGTTGCACAGTG	1	0.9226949218801473
ENST00000408493.2	SNORA81	ACCTTCTTGTATAAGCACTGTGCTAAAATTGCAGACACTAGGACCATGTCTTGGTTTTTGCAATAATGCTAGCAGAGTACACACAAGAAGAAAAGTAACAGCACTAGATTGTAAAGACTGGGGTGGACCTCTTTCTTAATGTCCAATGTCCTTTGTCTTAAGATTTGGTGCAATATCT	1	0.7898638834774704
ENST00000384574.1	SNORA8	TGCACTGCATGGTATCTGCACTCAGCAGTTTACACCTGCTAGGGTGTTCAAAGGTCAGTGCTATAGAAATTCAGTATCTGGCATCGTTGGTTTTCTTGGCTTTGTGCTTGTTAAACCTGGTATTTCTACTGATACAGTA	1	0.9387630361683235
ENST00000459229.1	SNORA84	GCCCTGTGGTTGCTGGATGCTGTTGTGCATGGACAGCTCTCCAGTGGATTCGATGGGCCATAGCAATCCTGTGATTTATGCATGGAGGCTGCTTCTCCTCAGCAGCTGCCATAGCCCGGTCGCTGGTACATGA	1	0.772849735048993
ENST00000384215.1	SNORA9	TAGCAAGCCTCCAGCGTGCTTGGGTCTGCGGTGACCCTATGCATTCCTTCAGTGCTTGCTAGAACAGTTTTGAAACGGTTTGAGGCCTTGCCCTGCTCCATCCAGAGCAAGGTTATAGAAATTTCAGACAATG	0	0.39667384334437084
ENST00000384170.1	SNORA9B	TAGCAAGCCTCCAGCGTGCTTGGGTCTGCAGTGACCCCGTGGATTCCTACAGGGCTTGCCAGAACAGTTTTGAAATGGTTTGAGGCCTTGCCGTGCTCCATGTAGAGCAAGGTTATAGAAATTTCAGACAATG	1	0.6679309249414994
ENST00000408573.1	SNORD100	GCTGTACATGATGACAACTGGCTCCCTCTACTGAACTGCCATGAGGAAACTGCCATGTCACCCTTCTGATTACAGC	0	0.44650378005824665
ENST00000384027.1	SNORD101	GTTTGAATGATGACTTTAATTGTCGGATACCCCTTCACTCCTTTTATGAGTGAAACATAAGAGTCTGACAAAC	0	0.42592700872070566
ENST00000459579.1	SNORD10	GCTCTGTGATGGAGCCCATGCGTGTCATCTGAGCCTCTGGCTTCCCTGCCAGTGCAGCCCTGGCAGTGTCCTACTTCCCAGGGCTGTTGTCTGCCTGGCGGGAAGGTCCTGGGCAAAGGATCAGTCTTTGTACTCTGAGAGC	1	0.7561197262097165
ENST00000384769.1	SNORD102	AGCTTAATGATGACTGTTTTTTTTGATTGCTTGAAGCAATGTGAAAAACACATTTCACCGGCTCTGAAAGCT	1	0.5468868642651409
ENST00000362883.1	SNORD104	GCTGTGATGACATTCCAATTAAAGCACGTGTTAGACTGCTGACGCGGGTGATGCGAACTGGAGTCTGAGC	0	0.4427028844896738
ENST00000386910.1	SNORD105	CCCCTATCTCTCATGATGAACACATATGCCTCTGAGCTGCTGTGATTTCTGGCTTCAAAGTAAACGCTCTGAAGAAGAGATGGGG	0	0.27835835536789993
ENST00000458770.1	SNORD105B	CCACATGCGGCTGATGACAGCACTTCTGCTGAGACGCTGTGATTGCTCTGTCCAAAGTAAACGCCCTGACGCACTGTGG	1	0.6613312459325605
ENST00000459433.1	SNORD107	GGTTCATGATGACACAGGACCTTGTCTGAACATAATGATTTCAAAATTTGAGCTTAAAAATGACACTCTGAAATC	1	0.6040019041772846
ENST00000459332.1	SNORD108	GCTTAATGATGAGAATCATTATTTCTTGAATTGGATGACACTTTCCATTCCTGCAAAGGGAGCGTGAGGTC	1	0.5717423048186
ENST00000459128.1	SNORD109A	GGATCGATGATGAGAATAATTGTCTGAGGATGCTGAGGGACTCATTCCAGATGTCAATCTGAGGTCC	1	0.5476213533672121
ENST00000458961.1	SNORD109B	GGATCGATGATGAGAATAATTGTCTGAGGATGCTGAGGGACTCATTCCAGATGTCAATCTGAGGTCC	1	0.5476213533672121
ENST00000408189.1	SNORD110	TTGCAGTGATGACTTGCGAATCAAATCTGTCAATCCCCTGAGTGCAATCACTGATGTCTCCATGTCTCTGAGCAA	0	0.45335020595847514
ENST00000408139.1	SNORD111	CAGCCTGAAATGATGACTCTTTAAAAAATTTCATGTCTCTTCTCTGACATTTTTCTCTGGACACAGTTTTTGCCTTATGAATCTGATCAGGCTG	1	0.7125764068337318
ENST00000408587.1	SNORD111B	CAGCCTGAAGTGATGATTCACATTCATGTCTCTTCTCTGATAAATTCTTGAAGAAAATTTTTGTGTGTCTGATCAGGCCT	1	0.6066706836128163
ENST00000459124.2	SNORD11	GTGTTCAATGATGATTTCTATTTGTTTGCCTGATTTCCTTTTGGATAATGAAGGCATCTTTAGTCACTACCTCTTCTGAGACAC	1	0.6486841103726065
ENST00000458974.1	SNORD112	TGGACCAATGATGAGACAGTGTTTATGAACAAAAGATCATGATTAATCCAGTTCTGCACAAAACACTGAGGTCCATT	1	0.6698372153138197
ENST00000365321.1	SNORD113-1	GTGAGTGATGAATAGTTCTGTGGCATATGAATCATTAATTTTGATTAAACCCTAAACTCTGAAGTCCAT	1	0.7915220346054599
ENST00000391082.1	SNORD113-2	ATAGCCAATCATTAGTATTCTGAGCTGTAGGAATCAAAGATTTTGATTAGATTCTGTAACTCAGAGGTTTAT	1	0.8691011809766537
ENST00000364830.3	SNORD113-3	TAGACCAATGATGAGTATTCTGGGGTGTCTGAATCAATGATTTTGATTAAACCCTGTAACTCTGAGGTCCAT	1	0.8561715345013369
ENST00000364802.1	SNORD113-4	TGGACCAATGATGAGTACCATGGGGTATCTGAAACAGGATTTTTGATTAAACCCATATGCAATTCTGAGGTCCAT	1	0.8383371843030365
ENST00000607261.1	SNORD113-5	TGGATCAATGATGAGTATTGGTGGAGGTGTCTGAATCAACACTTTTGATTAAGCCCTCTGTGTAACTCTGAGATCTGT	1	0.7103765850699799
ENST00000363345.3	SNORD113-6	TGGACCAGTGATGAATATCATGGGGTTTCTGAAACAACATTTTTGATTAAACCCATCTGCAACTCTGAGGTCCAT	1	0.6743205530736031
ENST00000363762.1	SNORD113-7	TGGATCAATGATGAGTATGCGTGGGGCATCTGAATCAAATATTCTGATTATACCCTGTCTGTATCTCTGAGGTCCAT	1	0.8345148636726163
ENST00000363497.1	SNORD113-8	TGGACCAATGATGAGATTGGAGGGTGTCTGAATCAAAAATTTTGATTAAAGCCATCTGTAACTCTGAGGTCCAT	1	0.7263055663845678
ENST00000365080.1	SNORD113-9	TGGATCAATGATGAGTACCCTGGGGTGTCTGAATCTTGGATTTTGATTAAACCCTATAACTCTGAGGTCCAT	1	0.6777423446035601
ENST00000363409.1	SNORD114-10	AAGATCAATGATGACTACTGTTAGTGTATGAGTTACACATGATGAATACATGTCTGAAACTCTGAGGTCCAT	1	0.69807552413932
ENST00000363738.1	SNORD114-11	TGGACCAGTGATGGTGACTGGTGGTGTGTGAGTCATGCACAGTGAATATCATGTGTCTGGAACTCTGAGGTCCAA	1	0.5719918148199902
ENST00000362705.1	SNORD114-1	TGGACCTATGATGATGACTGGTGGCGTATGAGTCATTGACGGTGAATACAGGTCTGGAAGTCTGAGGTCCAA	1	0.578533450860465
ENST00000365400.1	SNORD114-12	TGGACCAATGATGACAAATACCGGCGTATGAGTCTTGGATGATGAATAATACGTGTCTGGAACTCTGAGGTCCAT	0	0.13179419727029798
ENST00000364377.1	SNORD114-13	TGGACCAGTGATGACCACTGGTGGCATATGAGTCATACACATGAACACCATGTTTCTAGAACTCTGAGGTCCAA	1	0.6363532985525417
ENST00000362723.1	SNORD114-14	TGGACCAATGATGACAACTGCCGGCGTATGAGTGTTGGGTGATGAATAATACGTGTCTAGAACTCTGAGGTCCAA	0	0.44591349959644005
ENST00000364687.1	SNORD114-15	TGGATCGATGATGACCACTGGTGGCGTATGAGTCATACATGATGAATATGTGTCTGGAACTCTGAGGTCCTT	0	0.4082064828580127
ENST00000363044.1	SNORD114-16	TGGACCAATTATGACTACTGGTGTGAGTCACGCATAATGAACACCACGTGTCTGGAACTCTGAGGTCCAA	0	0.39635847834327936
ENST00000364699.1	SNORD114-17	TGGACCAATGATGACAAATGGTGGCATTGGAGTTATGGACGATGAATGATATGTGTCTGAAACTCTGAGGTCCAA	1	0.5379723384516598
ENST00000365272.1	SNORD114-18	TAGATCAGTGATGACTACTGTTGGTGTATGAGTCATATACGATGAATACATGTCTGAAATTCTGAGGTCCAA	1	0.7422247717682415
ENST00000363072.1	SNORD114-19	TGGATCAATGATAAAACTTGCTGGCATATGAATCTTGGATAATGGATGATACGTGTGTGGAACTCTGAGGTCCAA	0	0.34824632844542003
ENST00000365178.1	SNORD114-20	TGGATCGATGATGACTACTGGTGGCGTATGAGTCATCTACAGTGAATACGTCTCTGGAACTCTGAGGTCTGT	0	0.47540959563354246
ENST00000606412.1	SNORD114-21	TGGATCAATGATGACCACTGGTGGCGTATGAGTCATATGTGATGAATACGTGTCTGGAACTCTGAGGTCCAC	0	0.38696462122410547
ENST00000363953.1	SNORD114-2	GGGACCAATGATAATGACTGTTGGGGTATGAGTCAGTGAGGTTGAATAACAGTTTGTATCTGGAAATCTGAGGTCCAA	1	0.6805524094284533
ENST00000365423.1	SNORD114-22	TGGATCGATGATGACTACCGGTGGCGTATGAGTCATATGTGATGAATACGTGTTTGGAACTCTGAGGTCCAT	0	0.4601006029400321
ENST00000363536.1	SNORD114-23	TGGATCGATGATGACTACTGGTGGCGTATGAGTCATAGACAATGAATACGTGTCTGGAACTCTGAGGTCCAT	1	0.5117234891851181
ENST00000365029.1	SNORD114-24	TGGATCGATGGTGACTGTTGATGGCATATGACTCACATATGATGAGTACGTATCTGGAACTCTGAGGTCTGT	1	0.5617074512551841
ENST00000363742.1	SNORD114-25	TGGATCGATGATGACTACTGGTGGCGTATGAGTCTTTTGCGATGAATACGTGTCTAGAACTCTGAGGTCCGT	0	0.4967726425478923
ENST00000363543.1	SNORD114-26	TGGATCGATGATGAGCACTGGTGGAGTATGAGTCACATACGATGAATACGTGTCTGGAACTCTGAGGTCCAT	0	0.4312208954613804
ENST00000363766.1	SNORD114-27	TGGTTCAGTGTTGACTACTGGTGTCGTGTGAGTCATACAATGAATACATGTCTGGAACTCTGAGGCCCAT	0	0.45450873697738375
ENST00000363610.1	SNORD114-28	TGGATCGATGATGACTGCTGGTGGCGTATGAGTCATATGCGATGAATACGTGTCTAGAACTCTGAGGTCCAT	1	0.5727821760562442
ENST00000364819.1	SNORD114-29	TGGATCGATGATGACTACTGGTAGCATGAGTCATATACAGTGAATACATGTCTGGAACTCTGAGGTCTGT	0	0.4974534797936923
ENST00000364448.1	SNORD114-30	TGGATCAATCATGACTACTGGTATTGGATGGGTCTTCGTCAGTGAATGCCTATCTGGAACTCTGAGGTCCAT	0	0.26321656803616417
ENST00000363219.1	SNORD114-31	TGAGCAAGCGATGACAGCCGGTGGTGTGTGAGTCATGGAGGATGAATACTAAGTGCCTGGAACTCTGAGGTTCAA	0	0.4040401070541472
ENST00000364969.1	SNORD114-3	TGGACCAATGATGACCACTGGTGGCGTTTGAGTCATGGACGATGAATACTACGTGTCTGAAACTCTGAGGTCCAA	0	0.47611924892808494
ENST00000363962.1	SNORD114-4	TGAGCCAGTGATGAAAACTGGTGGCATAGAAGTCAAGGATGCTGAATAATGTGTGTCTAGAACTCTGAGGTTCAA	1	0.6592615542044703
ENST00000362928.1	SNORD114-5	TGGATTGATGATGACCACTGGTGGCCTATGAGTCATACAATGAATACGTGTCTAGAACTCTGAGGTCCAT	1	0.5672306613435324
ENST00000364393.1	SNORD114-6	TGGATCAATGATGTCCACTGGTGGCGTATAAATCATATTTGGTGAATATATGTCTGGAACTCTGAGGTCCAA	0	0.39831733076142134
ENST00000362520.1	SNORD114-7	TGAACTAGTGGTGATGGCTTGTGGCATATTTAGTCACAGATGATGAATAAATACATGCCTGAGACTCTGAGGTTAGT	1	0.9239998906266373
ENST00000364370.1	SNORD114-9	TGGATCGATGATGACTGCTGGTGGCGTATGAGTCTTACATGATGAATACGTGTCTGGAACTCTGAGGTCCAT	0	0.43550355598776885
ENST00000365073.1	SNORD115-10	GGGTCGATGATGAGAACCTTATATTGTCTGAAGAGAGGTGATGACTTAAAAATCATGCTCAATAGGATTACGCTGAGGCCC	1	0.6257121009045554
ENST00000363616.1	SNORD115-11	GGGTCAATGATGAGAACCTTATATTGTCCTGAAGAGAGGTGATGACTTAAAAATCATGCTCAATAGGATTACGCTGAGGCCC	1	0.6072325639414141
ENST00000364961.1	SNORD115-1	GTGTTGATGATGAGAACCTTATATTATCCTGAAGAGAGGTGATGACTTAAAAATCATGCTCAATAGGATTACGCTGAGGCCC	1	0.7281364676302396
ENST00000362583.1	SNORD115-12	GGGTCGATGATGAGAACCTTATATTGTCCTGAAGAGAGGTGATGACTTAAAAATCATGCTCAATAGGATTACGCTGAGGCCC	1	0.6092475366878817
ENST00000363358.1	SNORD115-13	GGGTCGATGATGAGAACCTTATATTATCCTGAAGAGAGGTGATGACTTAAAAATCATGCTCAATAGGATTACGCTGAGGCCC	1	0.6604418977874791
ENST00000363090.1	SNORD115-14	GGGTCGATGATGAGAAACTTATATTGTCTGAAGAGAGGTGATGACTTAAAAATCATGCTCAATAGGATTACGCTGAGGCCC	1	0.550980385257336
ENST00000364809.1	SNORD115-15	GGGTCGATGATGAGAACCTTATATGTTCTGAAGAGAGGTGATGACTTAAAAATCATGCTCAATAGGATTACGCTGAGGCCC	1	0.6249116642803296
ENST00000363887.1	SNORD115-16	GGGTCAATGATGAGAACCTTATATTATCCTGAAGAGAGGTGATGACTTAAAAATCATGCTCAATAGGATTACGCTGAGGCCC	1	0.6627780537139262
ENST00000364612.1	SNORD115-17	GGGTCGATGATGAGAACCTTATATTGTCCTGAAGAGAGGTGATGACTTAAAAATCATTCTCAAAAGGATTATGCTGAGGCCC	1	0.6386148600984748
ENST00000363293.1	SNORD115-18	GGGTCGATGATGAGAACCTTATATTGTCCTGAAGAGAGGTGATGACTTAAAAATCATTCTCAAAAGGATTATGCTGAGGCCC	1	0.6386148600984748
ENST00000363098.1	SNORD115-19	GGGTCGATGATGAGAACCTTATATTGTCCTGAAGAGAGGTGATGACTTAAAAATCATTCTCAAAAGGATTATGCTGAGGCCC	1	0.6386148600984748
ENST00000365099.1	SNORD115-20	GGGTCGATGATGAGAACCTTATATTGTCCTGAAGAGAGGTGATGACTTAAAAATCATGCTCAATAGGATTATGCTGAGGCCC	1	0.6840347159043034
ENST00000362963.1	SNORD115-21	GGGTCGATGATGAGAACCTTATATTTTCTGAAGAGAGGTGATGACTTAAAAATCATGCTCAATAGGATTACGCTGAGGCCC	1	0.6238703106621719
ENST00000362842.1	SNORD115-2	GGGTCGATGATGAGAAGCTTCTGTTTTCTTGAAGAGAGGTGATGACTTAAAAATCATGCTCAATAGGATTATGCTGAGGCCC	1	0.6089973690086674
ENST00000364456.1	SNORD115-22	GGGTCAATGATGAGAACCTTATATTGTCCTGAAGAGAGGTGATGACTTAAAAATCATGCTCAATAGGATTACGCTGAGTCCC	1	0.512475804278052
ENST00000364461.1	SNORD115-23	GGGTCAATGATGAGAACCCTATATTGTGTTGAAGAGAGGTGATGACTTAAAATTACCATGCTCAATGATTACGCTGAGGCCC	1	0.5729339910751927
ENST00000363528.1	SNORD115-24	CAGTCAGTGTCGAGAACCTTATATTGTTCTGAAGAGAGGTGGTGACTTAAAAATCATGCTCAATAGGATTACGCTGAGGCCC	1	0.6789231575094047
ENST00000362619.1	SNORD115-25	AGGTCGATTATGAGAACCTTATATTGTCCTGAAGAGAGGTGATGACTTAAAAATCATGCCCAATAGGATTACGCTGAGGCCC	1	0.7035834969773531
ENST00000365067.1	SNORD115-26	GGGTCAGTGATGAGAACCTTATATTGTCCTGAAGAGAGGTGATGACTTAAAAATCATGCTCAATAGGATTACGCTGAGGCCC	1	0.6921322045723323
ENST00000364430.1	SNORD115-27	GGGCTGATGATGAGAACCTTATATTGTCCTGAAAAGAGGTGATGACTTAACAATCATGCTCAATAGGATTACATTGAAGCCC	1	0.6211738134389825
ENST00000363931.1	SNORD115-28	GGGTGGTGATGAGAACCTTGTATTCTTCTGAAGAGAGGTGATGACTTAAAAACCATGCTCAATAGGATTACACTTAGGCCG	1	0.7853038157725005
ENST00000362834.1	SNORD115-29	GGGTCAATGATGAGAACCTTATATTGTCCTGAAGAGAGGTGATGACTTAAAAATCATGCTCAATAGGATTACGCTGAGGCCC	1	0.6072325639414141
ENST00000364117.1	SNORD115-30	GGGTCAATGATGAGAACCTTATATTGTTCTGAAGAGAGGTGATTATTTAAAAATCATGCTCAATAGGATTACGCTGAGGCCC	1	0.649068688705826
ENST00000365318.1	SNORD115-31	GGGTCAGTGATGAGAACCTTATATTGTCCTGAAGAAAGGTGATGACTTAAAAATCATGCTCAATAGGATTACACTGAGGCCC	1	0.64974490082402
ENST00000363100.1	SNORD115-3	GGGTCAATGATGAGAACCTTATATTGTCCTGAAGAGAGGTGATGACTTAAAAATCATGCTTAGTAGGATTACGCTGAGGCCT	1	0.717806321705976
ENST00000364079.1	SNORD115-32	GGGTCAATGATGAGAACCTGATATTGCCCTGAAGAGAGATGATGACTTAAAAATCATGTTCAATAGGATTACGCTGAGGCCT	1	0.5604170803220828
ENST00000363723.1	SNORD115-33	GGGTCAATGATGAGAACCGTATATTGTCCTGAAGAGCGGTGATGACTTAAAAATAATGCTCAATAGGATTACGCTGAGGCCC	0	0.36449378729604043
ENST00000362441.1	SNORD115-34	GGGTCAATGATGAGAACCTTATAATGTTCTGAAGAGAGGTGATGACTTAAAAATCATGCTCAATAGGATTACGCTGAGGCCC	1	0.6202066379099114
ENST00000365122.1	SNORD115-35	GGGTCAATGATGAGAACCTTGTATTATCTTGAAGAGAGGTGATGACTTAAAAATCATGCTCAATAGGATTACACTGAGGCCC	1	0.67613216248599
ENST00000365629.1	SNORD115-36	GGGTCAATGATGAGAACCTTATATTGTCCTGAAGAGAGGTGATGACTTAAAAATCATGCTCAATAGGATTACGCTGAGGCCC	1	0.6072325639414141
ENST00000363768.1	SNORD115-37	GGGCTGATGATGAGAACCTTATATTGTCCTGAAAAAAGGTGATGACTTAAACATCATGCTTAATAGTATTATGCTGAAGCCC	1	0.8552873768452256
ENST00000365037.1	SNORD115-38	GGGTCAATGATGAGAACCTTACATTGTCCTGAAGAGAGATGATGACTTAAAAATCATGCTCAATAGGATTACGCTGAGGCCC	0	0.4830893728661672
ENST00000363694.1	SNORD115-39	GGGTCAATGATGAGAATCTTATATTGTCCTGAAGAGAGGTGATGACTTAAAAATCATGCTCAATAGGATTACGCTGAGGCCC	1	0.6606293653228514
ENST00000606510.1	SNORD115-40	GGGTCGATGATGAGAACCTTATATTTTCCTGAAGAGAGGTGATGACTTAAAAATCATGCTCAATAGGATTACGCTGAGGCCC	1	0.5918965428316731
ENST00000363608.1	SNORD115-41	GGGTCAGTGATGAGAACCTTCTATTGTCCTGAAGAGAGGTGATGACTTAAAAATCATGCTCAATAGGATTACGCTGAGGCCC	1	0.6550526684979487
ENST00000363810.1	SNORD115-4	GGGTCGATGATGAGAACTTTATATTGTTCTGAAGAGAGGTGATGACTTAAAAATCATGCTCAATAGGATTACGCTGAGGCCC	1	0.6448413005763375
ENST00000364273.1	SNORD115-42	GGGTCGATGATGAGAACCTTATATTGTTCTGAAGAGAGGTGATGACTTAAAAATCATGCTCAATAGGATTACGCTGAGGCCC	1	0.64142302429806
ENST00000365503.1	SNORD115-43	GGGTCAATGATGAGAACCTTATATTGTCCTGAAGAGAGGTGATGACTTAAAAATCATGCTCAATAGGATTACGCTGAGGCCC	1	0.6072325639414141
ENST00000365391.1	SNORD115-44	GGGTCAATGATGAGAACCTTATATTGTCCTGAAGAGCGGTGATGACTTAAAAATCATGCTCAATAGGATTACGCTGAGGCCC	0	0.4158410689668528
ENST00000391078.1	SNORD115-45	GGGGCAATATGGAGATGTTATATTGTCTTCGACAGGGAAGATGACATAAAAATTATGTTCAATAGGATTATGTGGAGACTT	1	0.562906824303875
ENST00000390982.1	SNORD115-46	TCAATAATGAAATCTTCTGATTTGGTGAGAAATAATGCCTTAAAATTACACTCAATAGGATTATGCTGAGG	1	0.7324033319537055
ENST00000391226.1	SNORD115-47	AAGACAACGTAAATATATGTATAAAGAGTATCTTCAGGAGACGTAATAATGTAAAAATCATGCTCAATAGAATTAAGCTGAGGCTC	1	0.7570815959969858
ENST00000364764.1	SNORD115-48	GGGTCAATGATGAGATGTTACCTTGAAGAGAAATGATGACGTAAAAATTAAGTTCAGTTGGATTACGCTGAGGCCC	0	0.2415532428237463
ENST00000363633.1	SNORD115-5	GGATCGATGATGAGAACCTTATATTGTCCTGAAGAGAGGTGATGACTTAAAAATCATGCTCAATAGGATTACGCTGAGGCCC	1	0.6194009794092273
ENST00000363942.1	SNORD115-6	GGGTCAATGATGAGAACCTTATATTGTTCTGAAGAGAGGTGATGACTTAAAAATCATGCTCAATAGGATTACGCTGAGGCCC	1	0.6461724802958247
ENST00000365306.1	SNORD115-7	GGGTCAATGAGAACCTTATATTGTCCTGAAGAGAGGTGATAACTTAAAAATCATGCTCAATAATAGGATTACGCTGAGGCCC	1	0.5781387001827331
ENST00000363856.1	SNORD115-8	GGGTCAATGATGAGAACCTTACATTGTTCTGAAGAGAGATGATGACTTAAAAATCATGCTCAATAGGATTACGCTGAGGCCC	1	0.5109608258583066
ENST00000362912.1	SNORD115-9	GGGTCGATGATGAGAACCTTATATTGTCCTGAAGAGAGGTGATGACTTAAAAATCATGCTCAATAGGATTACGCTGAGGCCC	1	0.6092475366878817
ENST00000363791.1	SNORD116-10	AGGTTGATGATGACTTACATATATACGTTTTTTTTTTTTTTTTGGAAAGGTGAACAAAATGAGTGAAAACTCAGTACCATCATCCTCATCTAACTGAGGTCC	1	0.5702615067875776
ENST00000383882.1	SNORD116-11	GGATCAATGATGACTTCCATACGTGGGTTCCTTGGAAAGTTGAACAAAATGAGTGAAAACTTTATACTGTCATCCTCTTCAAACTGAGGTCC	0	0.4920164499997842
ENST00000384335.1	SNORD116-1	GGATCGATGATGAGTCCCCTATAAAAACATTCCTTGGAAAAGCTGAACAAAATGAGTGAGAACTCATAACGTCATTCTCATCGGAACTGAGGTCC	0	0.261936960608307
ENST00000384468.1	SNORD116-12	GGATCAATGATGACTTCCATATATACATTCCTTGGAAAGCTGAATAAAATGAATGAAAACTCTATACCATCATCCTCATTGAACTGAGGTCC	0	0.3316392980509289
ENST00000384408.1	SNORD116-13	GGACCAATGATGACTTCCATACATGCATTCCTTGGAAAGCTGAACAAAATGAGTGGGAACTCTGTACTATCATCTTAGTTGAACTGAGGTCC	1	0.546669798753255
ENST00000383894.1	SNORD116-14	GGATCGATGATGACTTCCATATATACATTCCTTGGAAAGCTGAACAAAATGAGTGAAAACTCTATACCGTCATTCTCGTCGAACTGAGGTCC	0	0.2625817108750053
ENST00000384445.1	SNORD116-15	GGATCGATGATGACTTCCATATATACATTCCTTGGAAAGCTGAACAAAATGAGTGAAAACTCTATACCGTCATCCTCGTCAAACTGAGGTCC	0	0.33681612962214824
ENST00000384533.1	SNORD116-16	GGATCGATGATGACTTTCATACATGCATTCCTTGGAAAGCTGAACAAAATGAGTGAAAACTCTATACCGTCATCCTCGTCGAACTGAGGTCC	0	0.330550273068568
ENST00000383929.1	SNORD116-17	GGATCGATGATGACTTCCATATATACATTCCTTGGAAAGCTGAACAAAATGAGTGAAAACTCTATACCGTCATCCTCGTCGAACTGAGGTCC	0	0.2725654126672307
ENST00000383961.1	SNORD116-18	GGATCGATGATGACTTCCTTATATACATTCCTTGGAAAGCTGAACAAAATGAGTGAAAACTCTATACCGTCATCCTCGTCGAACTGAGGTCC	0	0.2719400419105812
ENST00000384729.1	SNORD116-19	GGATCGATGATGACTTCCATATATACATTCCTTGGAAAGCTGAACAAAATGAGTGAAAACTCTATACCGTCATCCTCGTCGAACTGAGGTCC	0	0.2725654126672307
ENST00000384529.1	SNORD116-20	GGATCGATGATGACTTCCATATATACATTCCTTGGAAAGCTGAACAAAATGAGTGAAAACTCTATACTGTCATCCTCGTCGAACTGAGGTCC	0	0.3233673578234095
ENST00000384507.1	SNORD116-21	GGATCGATGATGACTTCCACATATACATTCCTTGGAAAGCTGAACAAAATGAGTGAAAACTCTATACCGTCATCCTCGTCGAACTGAGGTCC	0	0.25691594170390525
ENST00000384274.1	SNORD116-2	GGATCGATGATGAGTCCCCAAAAAAAACATTCCTTGGAAAAGCTGAACAAAATGAGTGAAAACTCATACCGTCATTCTCATCGGAACTGAGGTCC	0	0.22642628822568556
ENST00000384430.1	SNORD116-22	GGATCGATGATGACTTCCATATGTACATTCCTTGGAAAGCTGAACAAAATGAGTGAAAACTCTATACCGTCATCCTCGTCGAACTGAGGTCC	0	0.34119350877970683
ENST00000384645.1	SNORD116-23	GGATCGATGATGACCTCAATACATGCATTCCTTGGAAAGCTGAACAAAATGAGTGAAAACTCTATACCGTCGTCCTCGTCAAACTGAGGTCC	0	0.2633861998603738
ENST00000384549.1	SNORD116-24	GGATCGATGATGACTTTTATACATGCATTCCTTGGAAAGCTGAACAAAATGAGTGAAAACTCTATACCGTCATCTTCGTTGAACTGAGGTCC	0	0.33775505909303455
ENST00000516517.1	SNORD116-25	GGATCGATGATGACTTTAAAATGGATCTCATCGGAATCTGAACAAAATGAGTGACCAAATCACTTCTGTGCCACTTCTGTGAGCTGAGGTCC	0	0.3683123459797971
ENST00000516006.1	SNORD116-26	GGATCGATGATGACTATAAAAAAAATGGATCTCATCGGAATCTGAACAAAATGAGTGACCAAATCATTTCTGTGCCACTTCTGTGAGCTGAGGTCC	0	0.3734443252076164
ENST00000516087.1	SNORD116-27	GGATCGATGATGACTTAAAGATTTATCTAATTTAAATCTGAACAAAATGAGTGACCAAAACACTTCTGTACCACTTCTGTGAGCTGAGGTCC	1	0.6956303232115236
ENST00000516123.1	SNORD116-28	GGATGGATGACGACTTAAAAATGAATCTCGTTGGAATCTGAGCAAAACGAGTGAGCAAACCACTTCTGTGCAGTTCTGTGAACTGAGGTCA	0	0.242466983151347
ENST00000384516.1	SNORD116-29	GGATCGATGATGACTTAAAAAAATGGAAACCTTGGAAATCTGAACAAAATGAGTGACCAAGACACTTCTGTGAGCTGAGGTCC	0	0.2550621978407588
ENST00000516468.1	SNORD116-30	GGATTGACGATGACTTTAAAAAAAAAAAATCTCATTGAAATCTGAAAAAAATGAGTGACCAAACCACTTCTGTGAGCTGAGGTCC	1	0.595019003976732
ENST00000384287.1	SNORD116-3	GGATCGATGATGAGTCCCCCATAAAAACATTCCTTGGAAAAGCTGAACAAAATGAGTGAGAACTCATACCGTCGTTCTCATCGGAACTGAGGTCC	0	0.2244548396635862
ENST00000384733.1	SNORD116-4	GGATCGATGATGAGTCCCCCCAAAAAAACATTCCTTGGAAAAGCTGAACAAAATGAGTGAAAACTCATACCGTCGTTCTCAGCGGAACTGAGGTCC	0	0.15157628922461747
ENST00000384462.1	SNORD116-5	GGATCGATGATGAGTCCCCCATAAAAACATTCCTTGGAAAAGCTGAACAAAATGAGTGAGAACTCATACCGTCGTTCTCATCAGAACTGAGGTCC	0	0.31621947362784203
ENST00000384711.1	SNORD116-6	GGATCGATGATGAGTCCTCCAAAAAAAACATTCCTTGGAAAAGCTGAACAAAATGAGTGAAAACTCATACCGTCATTCTCATCGGAACTGAGGTCC	0	0.20880012020051728
ENST00000384404.1	SNORD116-7	GGATCGATGATGAGTCCCCCATAAAAACATTCCTTGGAAAAGCTGAACAAAATGAGTGAGAACTCATACCGTCGTTCTCATCAGAACTGAGGTCC	0	0.31621947362784203
ENST00000384365.1	SNORD116-8	GGATCGATGATGAGTCCTCCAAAAAAACATTCCTTGGAAAAGCTGAACAAAATGAGTGAGAACTCATACCGTCGTTCTCATCGGAACTGAGGTCC	0	0.22438268169843806
ENST00000384000.1	SNORD116-9	GGATCGATGATGAGTCCCCCATAAAAACATTCCTTGGAAAAGCTGAACAAAATGAGTGAGAACTCATACCGTCGTTCTCATCGGAACTGAGGTCC	0	0.2244548396635862
ENST00000364915.1	SNORD117	GCCAAATGATGTTTATTTGAAACAGGAGCACCTCAGTGCAAGGACGACTCTTATCTATCACCCATGACTGATGGCT	1	0.573958588937284
ENST00000363593.1	SNORD118	TCGTCAGGTGGGATAATCCTTACCTGTTCCTCCTCCGGAGGGCAGATTAGAACATGATGATTGGAGATGCATGAAACGTGATTAACGTCTCTGCGTAATCAGGACTTGCAACACCCTGATTGCTCCTGTCTGAT	1	0.7528465992863534
ENST00000607707.1	SNORD11B	TGATGGCAATGATGATTTTTACACTTATTGTTGTTCACCTGATAACATAAATATGAGGGTGTTCAGTCACTACCTCATCTGATGCCATCA	1	0.7699354005894282
ENST00000459386.1	SNORD121A	GTCCAGAAAACAATGATGTGGTAATTTCCAAGCACATATCTGATGATTCCATGTGGAATTTAACTACCTGAGTTTCCTGGAC	1	0.5291178511517303
ENST00000458838.1	SNORD121B	CTGGAAAAGACAATGATGTTTTATTTCCAAGCACATATCTGAGTTGTATGTGTGGACAGCACTGAGACTGAGTCTTTCCAC	1	0.5508788080477678
ENST00000391002.1	SNORD12	GCCTTTGCAGCTGATGATACAGCTTCTTTCCCCATCAGATCGACCCTGTTGATCTCTACACTATTGGCCAGTTTTGTCTGATGCATTGGC	1	0.5738466282101348
ENST00000459473.1	SNORD123	GGTGAAAATGATGAATTCTGGGGCGCTGATTCATGTGACTTGAAAAATGCCATCCATTTCCTGATTCACC	1	0.5968722440370356
ENST00000459577.1	SNORD124	TGGTCTCAAGGAAGGGATGATGTTCCAGTTGAGACTCAAGAAAAGGATTCTGAGCCTCAGAGCTTTGAAGGAGCCACTTGGTCCCTGACCTTCCTAGAGGCAAA	0	0.2019591310593179
ENST00000459538.1	SNORD125	ACCCCTGGCAGCCCCTCCTGATGATTCTTCTTCCTGAGCACGCTCATGATGAGCAAACTGAGCCTCTAAGAAGTTGACTGAAGGGGCTGCTTCCCC	1	0.5379549444767995
ENST00000459475.1	SNORD126	AGTTTGCCATGATGAAATGCATGTTAAGTCCGTGTTTCAGCTGATCAGCCTGATTAAACACATGCTCTGAGCAGACT	1	0.6515898187854833
ENST00000458892.1	SNORD127	TGGCAACTGTGATGAAAGATTTGGTCTGTATGTAATAGATTTTATTACTAAATGAGGACAACAGTCCCTCTAAACTGATGTTGCCA	1	0.8000588560374563
ENST00000410433.1	SNORD12B	GCTGGCATATATGATGACTTAGCTTTTTTCCCCGACAGATCGACTATGTTGATCTAACTTTTCTAAGCCAGTTTCTGTCTGATATGCCAGC	1	0.6106671025583698
ENST00000386307.1	SNORD12C	GCTGGTGTAAATGATGACTTCACTTTTTTCCCCATCAGATCGACAATGCTGACGTCTTATATTTTGCCAGTTAGTTCTGATACATCGGC	1	0.6051596577550779
ENST00000459299.1	SNORD13	ATCCTTTTGTAGTTCATGAGCGTGATGATTGGGTGTTCATACGCTTGTGTGAGATGTGCCACCCTTGAACCTTGTTACGACGTGGGCACATTACCCGTCTGACC	1	0.8749592452322342
ENST00000459428.1	SNORD13D	ATCCTTTTGTAGTTCATGAGCATGATGATTGGGTGTTCACGAGTGTGTGTGAGATGTGCCACCCTCCAACCTTGTTATGACCTCAGCACATTACCCATCTGACC	1	0.8507909339906456
ENST00000459325.1	SNORD13E	ATCCTTTTGTAGTTTATGAGCATGATGATTGGGTATTCATCCATGTTTGTGAGATGTGCCACCCTTGAACCTTGTTACGACATCAGCACATTACCCATCTGACC	1	0.7820976574756876
ENST00000458891.1	SNORD13P1	ATCCTTTTGTAGTTCATGAGCGTGATGATTGGGTGTTCACATGCATGTGTGAGCTGTGCCACCCTCGAACCTTGTTACCATGTAGGCACATTACCGATCTGACA	1	0.8359308847052596
ENST00000459492.1	SNORD13P3	ATCCTTTTGTAGTTCATGAGTGTGATGATTGTGTGTTCATACGCTTGTGTGAGATGTGCCACCCTTGAACCTTGTTACGACATTGGCACATTACCCGTCTGATC	1	0.8189291149873593
ENST00000606526.1	SNORD14A	TCACTATGATGATTGGTTGCCAGACATTCGCAGTTTCCACCAGAAATGTTTTTCCTTATGTTGGCCAGTTCTTCCTTGGATGTCTGAGTGA	0	0.48160428067980154
ENST00000364533.1	SNORD14B	TCACTGTGATGATGGTTTTCCAACATTCGCAGTTTCCACCAGAAAGGTTTTCCTTAGTGTTGGGTAAACCTTCCTTGGATGTCTGAGTGA	1	0.6886426819791094
ENST00000365382.1	SNORD14C	TCGCTGTGATGAGTGATTGTTAAACATTCGTAGTTTCCACCAAAAGCTTGGCTAATGATGGCAACACCTTCCTTGGATGTCTGAGCGA	0	0.43649387386262967
ENST00000384390.1	SNORD14D	TCGCTATGATGATGGATTCCAAAACCATTCGTAGTTTCCACCAGAAAGTCTTATGTTGGCCAGTTCCTTCCTTGGATGTTTGAGCGA	0	0.2373537268197394
ENST00000364009.1	SNORD14E	TCACAATGATGAATGGTCCAAAACATTCGCGGTTTCCACCAGAATTCAAGGTGTTGGCAACTACCTTCCTTGGATGTCTGAGTGA	0	0.1862205097966033
ENST00000384214.1	SNORD15A	CTTCGATGAAGAGATGATGACGAGTCTGACTTGGGGATGTTCTCTTTGCCCAGGTGGCCTACTCTGTGCTGCGTTCTGTGGCACAGTTTAAAGAGCCCTGGTTGAAGTAATTTCCTAAAGATGACTTAGAGGCATTTGTCTGAGAAGG	1	0.83071513695492
ENST00000384714.1	SNORD15B	CTTCAGTGATGACACGATGACGAGTCAGAAAGGTCACGTCCTGCTCTTGGTCCTTGTCAGTGCCATGTTCTGTGGTGCTGTGCACGAGTTCCTTTGGCAGAAGTGTCCTATTTATTGATCGATTTAGAGGCATTTGTCTGAGAAGG	1	0.8660094803116049
ENST00000362803.1	SNORD16	TGCAATGATGTCGTAATTTGCGTCTTACTCTGTTCTCAGCGACAGTTGCCTGCTGTCAGTAAGCTGGTACAGAAGGTTGACGAAAATTCTTACTGAGCA	0	0.3342274875819271
ENST00000390930.1	SNORD17	GTGAAATGATGATTCAGTTTATCCATTCGCTGAGTGCGCTGCACTGACCTTCTTCCAAGCCTCAGTTCCTGTTCTAGGAACTTGAGGCTATGTAGCCTGAAAATGCCCTGCAGTCTGCAGTGTTCTACTGTGAACTGCTTGTGTGTTGGCAGGCTACCGGTAAGAATGGTTGGTGTCAGCAGGGACGGGGCCCTCTGAGACCCATCTCACAAAGATGAGTGGTGAAAATCTGATCAC	1	0.6507260861900125
ENST00000363753.1	SNORD18A	CAGTAGTGATGAAATTCCACTTCATTGGTCCGTGTTTCTGAACCACATGATTTTCTCGGATGTTCTGATGCT	0	0.45092795940189817
ENST00000365659.1	SNORD18B	TCAAAATGATGAGATTCCACTTAATTGGTCCGTGTTTCTGAAACACATGATATTTGTGGAAATTCTGACTTG	1	0.6314036265132682
ENST00000362704.1	SNORD18C	TTGTTATGATGAGATTCCACTTAAGGTCCGTGTTTCTGAAACAAATGATTTTGTGGAAGTTCTGATTTA	1	0.6274766958907212
ENST00000391191.1	SNORD19	GAGGTACGAGGAAACAGTCTGATAGTCACTGAAGACTGATTAGATCCAACTCTGATCTCAGCAAAGCC	1	0.5879135746308632
ENST00000459623.1	SNORD19B	TTTTGGTTGAAATATGATGAGTGTACAAAATCTTGATTTAAGTGAATGAAAAATTACAAGATCCAACTCTGATTTCAGCCAGAG	1	0.613890307965224
ENST00000410413.1	SNORD19C	AAGAAATGAAGAAACTAAAATTGGTCTTAGTATTGAAGTGAAGACACTGAGATCCAACTCTGATCTTGCCCTAAAC	0	0.37276529824565774
ENST00000364968.1	SNORD1A	ACAAGCCTATGATGGTTAGTTATCCCTGTCTGAAAATCTGGACTGAGGGAAATAATCTATTCTGAGGCTTAA	1	0.5005835188199125
ENST00000363091.1	SNORD1B	CTGAGTCCATGATGATTTCAAGTTATCCCTGTCTGAAGGCAAAGAAAGGCCTTTCTGTGTGGAATTTGAATATCTGAAACTCAG	0	0.34192032038141956
ENST00000363315.1	SNORD1C	CTGAGCTGAGGATGATTTAAAGTTATCCCTGTCTGAAATGGTATCTTTTGTGAGGAGGTCTGACTTGCTGAGGCTCAG	1	0.8693504515195406
ENST00000384550.1	SNORD20	TGGATATGATGACTGATTACCTGAGAAATAATTGATGAAATCTCAAGAAAATTCCTCTAGATAGTCAAGTTCTGATCCAG	0	0.3866648357079962
ENST00000383953.1	SNORD21	GCTGAATGATGATATCCCACTAACTGAGCAGTCAGTAGTTGGTCCTTTGGTTGCATATGATGCGATAATTGTTTCAAGACGGGACTGATGGCAGC	1	0.6252137756353677
ENST00000459163.1	SNORD2	AAGTGAAATGATGGCAATCATCTTTCGGGACTGACCTGAAATGAAGAGAATACTCATTGCTGATCACTT	0	0.27604119473291583
ENST00000384756.1	SNORD22	TCCCAATGAAGAAACTTTCACATGTCTTACTCTCTGTCCTAGTCCCAGAGCCTGTAAAGGTGAACCCACTGGGACTGGCTGGGGGAGAAGAGGAAGATTTGTTCCAGAAGGAACTGTCTGAGGGAT	1	0.586482062747417
ENST00000408876.1	SNORD23	TGCCCAGTGATGACACCATCCTTGCTCCCCGTGCCCCCCAGGGGCTATGGGCGACACCATGGCTGCCCCTGGGCTGGGCCAGTGGGGCCAATGCCCAGGGGCTGAGGGCA	1	0.8803118996927478
ENST00000383884.1	SNORD24	TGCAGATGATGTAAAAGAATATTTGCTATCTGAGAGATGGTGATGACATTTTAAACCACCAAGATCGCTGATGCA	1	0.6827595266376607
ENST00000365607.2	SNORD25	CTTCCTATGATGAGGACCTTTTCACAGACCTGTACTGAGCTCCGTGAGGATAAATAACTCTGAGGAGAT	1	0.6842959270361889
ENST00000384147.1	SNORD26	CTACGGGGATGATTTTACGAACTGAACTCTCTCTTTCTGATGGATTAGTGGAGAAAACAGAAAATTCTGAGTAGC	0	0.30905404589646046
ENST00000363981.1	SNORD27	ACTCCATGATGAACACAAAATGACAAGCATATGGCTGAACTTTCAAGTGATGTCATCTTACTACTGAGAAGT	0	0.39248080801966945
ENST00000384706.1	SNORD28	GTCAGATGATTTGAATTGATAAGCTGATGTTCTGTGAGGTACAAAAGTTAATAGCATGTTAGAGTTCTGATGGCA	1	0.9378224395124092
ENST00000390993.1	SNORD28B	TTCAGATGATTTGAATTGATAAGCTGAGGTTCTGTGAGGAATGACAGTTAAGAGCATGTTAAAGTTGTTATGAAA	1	0.8461989935644725
ENST00000384693.1	SNORD30	GTTTGTGATGACTTACATGGAATCTCGTTCGGCTGATGACTTGCTGTTGAGACTCTGAAATCTGATTTTC	1	0.6145362918621873
ENST00000364977.1	SNORD31B	ACCACCAGTGATGAGTTGAATACTGCCCCAGTCTGATCAACATGCGTGAAAGATATTTTCTGAGCTGTG	0	0.4992479618168831
ENST00000364805.1	SNORD32A	GAGGTCAGTGATGAGCAACATTCACCATCTTTCGTTTGAGTCTCACGGCCATGAGATCAACCCCATGCACCGCTCTGAGACCTG	1	0.6512753973642484
ENST00000364460.1	SNORD32B	TGGATTGGTGATGAGCAACAATCACCATCTTTCGTTTGAGTCTCATGGCCATGAGACCAACCCCATGCACTGCTCTGAGACCTG	1	0.6518914471347445
ENST00000362761.1	SNORD33	GCGGCCGGTGATGAGAACTTCTCCCACTCACATTCGAGTTTCCCGACCATGAGATGACTCCACATGCACTACCATCTGAGGCCAC	0	0.4413555766092787
ENST00000365633.1	SNORD34	TGGCGTCCATGATGTTCCGCAACTACCTACATTGTTTGATCCTCATGAAAGCAGCACTGGCTGAGACGCCA	0	0.4596246578762853
ENST00000363389.1	SNORD35A	GGCAGATGATGTCCTTATCTCACGATGGTCTGCGGATGTCCCTGTGGGAATGGCGACAATGCCAATGGCTTAGCTGATGCCAGGAG	0	0.4598123876832538
ENST00000363660.1	SNORD35B	GGCAGATGATGTTTGTTTTCACGATGGTCTTCAGATGCCCACGTGGGCACTGCTGAGAAAGCCACTTGGTAAAACTGATGCCGGAAA	1	0.6871873155571302
ENST00000362874.1	SNORD36A	TTGCAATGATGTGAATCTCTCACTGAATTCAACCTTGAAGTGCGAATCCATGAGCTTTTTAACCCTGAGCAAT	0	0.2778881245204762
ENST00000363961.1	SNORD36B	TTGCAGTGATGTAAAATTTCTTGGCCTGAAATTACTGTGAAGAGTAAAACCGAGCTTTTTAACACTGAGTCAGC	0	0.3465601049607002
ENST00000516733.1	SNORD36C	TGCCAATGATGGTTAAGAATTTCTTCACCTGAATAAACCATGTGGTCAGCATTGCATCTGAGGCAA	1	0.7083544827563317
ENST00000384048.1	SNORD37	ATTCGTGATGACTGATCATTTCTTCACTTTGACCAGATGTCTACTGAAGAAAGCCTGCGTCTGAGG	0	0.31764564227520675
ENST00000365161.1	SNORD38A	TCTCGTGATGAAAACTCTGTCCAGTTCTGCTACTGAAGGGAGAGAGATGAGAGCCTTTTAGGCTGAGGAA	1	0.6689562251570512
ENST00000384690.1	SNORD38B	TCTCAGTGATGAAAACTTTGTCCAGTTCTGCTACTGACAGTAAGTGAAGATAAAGTGTGTCTGAGGA	1	0.6989423982246527
ENST00000384381.1	SNORD38C	TGTCAGTGATGAAAATTTTGTCTAGTTCTGCTACTGACATTAAGTTATGATAAAGTCTGTCTGAGGAGA	1	0.8142117958231859
ENST00000584923.1	SNORD3A	AAGACTATACTTTCAGGGATCATTTCTATAGTGTGTTACTAGAGAAGTTTCTCTGAACGTGTAGAGCACCGAAAACCACGAGGAAGAGAGGTAGCGTTTTCTCCTGAGCGTGAAGCCGGCTTTCTGGCGTTGCTTGGCTGCAACTGCCGTCAGCCATTGATGATCGTTCTTCTCTCCGTATTGGGGAGTGAGAGGGAGAGAACGCGGTCTGAGTGGTTTTTCCTTCTTGATGGCTCAATGACAGAGACTAGCTCGTAAACTCCGGGGCGTTTCTGGGCTGTTCGCTCCTGCTTGGCATGTCGCGAGAAAGGTTTTCGCCTCCTGTTTCAGCGGTGACGGCTCTTGGGTTTTCTCGGGGTGGCTTTTTAATTTTAGTCTTGGCGCGAGGCGGGGGATGCTGTGTGGCACCTCCTATTGTCTCTTTTTGCGTTTTCTCCCATTCTCGCTCCCTCTTTTGTCGCCGTTTCCCGCCCGCCACTCCCACCCCCAGACGGGGTCTCCGGGTCTCTTGTTCTGTCTGCCGGCCCCGGCTGGATTGCAGTGGCGCGATCTCGGCTCCTAGCAACATCTGCCTCCCGGGCTCAAGCGAGTCTCCCGCCTAAGCCCTCCCGAGTAGCCGGGGCTTAAAGGCGCACACGCCACTCCAGGCTTTTTTTTTTTTTTTTTTTTTTTTTTTGGCAGAAACGGGGTGTCAGCATG	1	0.870270473631794
ENST00000577988.2	SNORD3B-1	AAGACTATACTTTCAGGGATCATTTCTATAGTGTGTTACTAGAGAAGTTTCTCTGAACGTGTAGAGCACCGAAAACCCCGAGGAAGAGAGGTAGCGTTTTCTCCTGAGCGTGAAGCCGGCTTTCTGGCGTTGCTTGGCTGCAACTGCCGTCAGCCATTGATGATCGTTCTTCTCTCCGTATTGGGGAGTGAGAGGGAGAGAACGCGGTCTGAGTGGTTTTTCCTTCTTGATGGCTCAATGACAGAGACTAGCTCGTAAACTCCGGGCCGTTTCCGGGCTGTTCGCTCCTGCTTGGCAATGTCGCGAGAAAGGTTTTCGCCTCCTGTTTCAGCGGTGACGGCTTTTGGGTTTTCCTCGGGGTGGCTTTTTAATTTTAGTCTTGGCGCGAGGCGGGGGATGCTGTGTGGCACCTCCTATTGTCTCTTTTTGCGTTTTCTCCCATTCTCGCTCCCTCTTTTGTCGCCGTTTCCCGCCCGCCACTCCCACCCCCAGACGGGGTCTCCGGGTCTCTTGTTCTGTCTGCCGGCCCCGGCTGGAGTGCAGTGGCGCGATCTCGGCTCCTAGCAACATCTGCCTCCCGGGCTCAAGCGAGTCTCCCGCCTAAGCCCTCCCGAGTAGCCGGGGCTTAAAGGCGCACACGCCACTCCAGGCTTTTTTTTTTTTTTTTTTTTTTTTTTTTGGCAGAAACGGGGTGTCAGCATGTTAGCCAGGCTGGTCTCCAACGCGTGATCTCAGGTGATCCGCCCGCCTCGGCCTCC	1	0.8086202785480587
ENST00000364880.2	SNORD3B-2	AAGACTATACTTTCAGGGATCATTTCTATAGTGTGTTACTAGAGAAGTTTCTCTGAACGTGTAGAGCACCGAAAACCCCGAGGAAGAGAGGTAGCGTTTTCTCCTGAGCGTGAAGCCGGCTTTCTGGCGTTGCTTGGCTGCAACTGCCGTCAGCCATTGATGATCGTTCTTCTCTCCGTATTGGGGAGTGAGAGGGAGAGAACGCGGTCTGAGTGGTT	1	0.535246524927352
ENST00000580533.1	SNORD3C	AAGACTATACTTTCAGGGATCATTTCTATAGTGTGTTACTAGAGAAGTTTCTCTGAACGTGTAGAGCACCGAAAACCACGAGGAAGAGAGGTAGCGTTTTCTCCTGAACGTGAAGCCGGCTTTCTGGCGTTGCTTGGCTGCAACTGCCGTCAGCCATTGATGATCGTTCTTCTCTCCGTATTGGGGAGTGAGAGGGAGAGAACGCGGTCTGAGTGGTTTTTCCTTCTTGATGGCTCAATGACAGAGACTAGCTCGTAAACTCCGGGGCGTTTCTGGGCTGTTCGCTCCTGCTTGGCATGTCGCGAGAAAGGTTTTCGCCTCCTGTTTCAGCGGTGACGGCTCTTGGGTTTTCTCGGGGTGGCTTTTTAATTTTAGTCTTGGCGCGAGGCGGGGGATGCTGTGTGGCACCTCCTATTGTCTCTTTTTGCGTTTTCTCCCATTCTCGCTCCCTCTTTTGTCGCCGTTTCCCGCCCGCCACTCCCACCCCCAGACGGGGTCTCCGGGTCTCTTGTTCTGTCTGCCGGCCCCGGCTGGATTGCAGTGGCGCGATCTCGGCTCCTAGCAACATCTGCCTCCCGGGC	1	0.830541696580507
ENST00000619178.1	SNORD3D	AAGGCTATACTTTCAGGGATCATTTCTATAGTGTGTTACTAGAGAAGTTTCTTTGAACGTGTAGAGCACCGAAAACCCCGAGGAAGAGAGGTAGCGTTTTCTCCTGAGCGTGAAGCCGGCTTTCTGGCGTTGCTTGGCTGCAACTGCCGTCAGCCATTGATGATCGTTCTTCTCTCCGTATTGGGGAGTGAGAGGGAGAGAACGCGGTCTGAGTGGTT	1	0.5824624913731993
ENST00000627253.1	SNORD3E	AAGACTATACTTTCAGGGATCATTTCTATAGTTTGTTACTAGAGAAGTTTCTCTGAACGTGTATAGCACTGAAAACCACAAAGAAGAGGTGCAGCATTATCTCCTAAGTGTAAAGCCGGCTCTTGATGTTGCTTTGCTGCAACTGCCATTTGCCATTGATGATCGTTCTTTTCTTCCTTTGGGAGACTGGGAAGGAAAGGATGCAATCTGAGTGGT	1	0.5856757189056888
ENST00000362796.2	SNORD3G	AAGACTATATTTTCAGGGATCATTTCTACAGTGCACTACTAGAGAAGTTTCTGTGAACTTGTAGAGCACCGGAAACCATGAGCAGGAAGTGCAGCGTTCTCTCCTGAGCATGAAGCCGGCTCTTGGTGTGGCTTCGCTGCAACTGCCATTGGCCATTGATGATCGTTCTTCTCTTCTCTGGGAGAGTAAGAGAGAGAGGACACAGTCTGAGTGGT	0	0.480716008317264
ENST00000384486.2	SNORD3H	AAGACTATACTCTCAGGAATCATTTCTATAGTTTTTTACTAGAGAAATTTCTCTGAACGTGTAGAGCACTGGAAACCGTGAGGAGAAGCTGCCTTCTCTTCTGAGCATGAAGTGAGCTCTCAGTGTTGCTTCTCTGCAACTGCCATTTGCCATTGATGATCGTTCTTCTCTTCCTCTGGGAGAGTAAAAGGGTACAGGATGCAGTCTGAGTAAT	1	0.6235730561770768
ENST00000408473.2	SNORD3J	TAGGCGGCTTTCAGGGATCATTTCTATAGTCTGCTACTAGAGTACTTTCTGTGAAAGTGTAGAGCCCCCGGAAACGACAGGAGGTGCAGTTTTCTCCTGAGTGTGAAGCCGGCGCTTGGTGTTGCTTTCGCCATTGAGGTTTCTTCTCCTCCGTGGGGGAATGAGAGGGAGAGGACACAGGCTGAATGGT	1	0.8194205726144315
ENST00000386967.1	SNORD41	TGGGAAGTGATGACACCTGTGACTGTTGATGTGGAACTGATTTATCGCGTATTCGTACTGGCTGATCCTG	1	0.5587764916786137
ENST00000459584.1	SNORD42A	GGGCTAATGATGGAAAAATCATTATTGGAAAAGAATGACATGAACAAAGGAACCACTGAAGTGC	0	0.2814006927450273
ENST00000458893.1	SNORD42B	GTGCATATGATGGAAAAGTTTTAATCTCCTGACACTTGTGATGTCTTCAAAGGAACCACTGATGCAC	0	0.41834825301106837
ENST00000583861.1	SNORD43	CACAGATGATGAACTTATTGACGGGCGGACAGAAACTGTGTGCTGATTGTCACGTTCTGATTTG	0	0.3600758965686378
ENST00000384512.1	SNORD45A	GGTCAATGATGTGTTGGCATGTATTATCTGAATCTATTGCTGATGTGTAATAACACTTTAGCTCTAGAATTACTCTGAGACCTT	1	0.8631819116204976
ENST00000364617.1	SNORD45B	GGTCAATGATGTAATGGCATGTATTAGCTGAATCTAAAGTTGATGTGAGTTCTAAAATTACACTGAGACCTT	1	0.6357403740915857
ENST00000383893.1	SNORD45C	GGTCAATGATGAGTTGGCATGTATTCTGAATCTAAAGTTGATTATTACTACTTTAGCTCTAGAATTACTCTGAGACCTG	1	0.829100169806051
ENST00000364043.1	SNORD46	AAGTAGGGTGATGAAAAAGAATCCTTAGGCGTGGTTGTGGCCGTCTTGGTCACCTGTGTGCCACTTGCCAATGCAAGGACTTGTCATAGTTACACTGACTGTTG	1	0.8970420033044653
ENST00000364953.1	SNORD48	AGTGATGATGACCCCAGGTAACTCTTGAGTGTGTCGCTGATGCCATCACCGCAGCGCTCTGACC	1	0.7081440224914485
ENST00000384229.1	SNORD49A	TGCTCTGATGAAATCACTAATAGGAAGTGCCGTCAGAAGCGATAACTGACGAAGACTACTCCTGTCTGATT	0	0.32631522864279716
ENST00000365172.1	SNORD49B	TGTCCTGATGATACTTGTAATAGGAAGTGCCGTCAGAAGCGATAACTGACGACGTCTAATGTCTATCTGACC	1	0.6006813454759106
ENST00000459174.1	SNORD4A	GGTGCAGATGATGACACTGTAAAGCGACCAAAGTCTGAACAAAGTGATTGGTACCTCGTTGTCTGATGCACC	1	0.6650454497099352
ENST00000459083.1	SNORD4B	GGTGCAAATGATGCATATGTTAGCGACCAAAGCCTGATCTTTGCTGATTAGTCATAATTAACTGACTGCACC	1	0.5122032905639472
ENST00000364995.1	SNORD50B	AATCAATGATGAAACCTATCCCGAAGCTGATAACCTGAAGAAAAATAAGTACGGATTCGGCTTCTGAGAT	0	0.06651434448935215
ENST00000384320.2	SNORD51	CTGGTTGCATGATGAATAAAATCAAATCACCATCTTTCGGCTGAGTTCGTGATGGATTTGCTTTTTTCTGATTAAGCCAG	1	0.6418681648797268
ENST00000459342.1	SNORD5	GTTCAGATGATGAATTTAACTGTTCAACTGCTGAATGATAACGGGCATGAACTAAAACTTAATTCTGACAGAG	0	0.4292973407608571
ENST00000364884.1	SNORD52	GGGAATGATGATTTCACAGACTAGAGTCTCCGATGCTGGTCATGATGTCAAAACTAAGTTCTGACTC	1	0.6063026026449705
ENST00000579969.1	SNORD53	ATGCTATGATGACATCCATATGGTTTCGCTGCTGGCTGAGTTTCAGAGATGACACCTTTCTCTTGGCTGTCTGAGCAT	1	0.8057824865376335
ENST00000577887.1	SNORD53B	TTGCTGTGATGACTATCATTGGGTTTCGCATGTTGCTGAGTTCCAGTGATGCCTCTTTTCTCTTGGCTGTCTGAGCAA	1	0.8069596314832573
ENST00000459159.1	SNORD54	TGGCGATGAGGAGGTACCTATTGTGTTGAGTAACGGTGATAATTTTATACGCTATTCTGAGCCAGCA	1	0.7916449123785173
ENST00000581525.1	SNORD55	CGTGTATGATGACAACTCGGTAATGCTGCATACTCCCGAGTGCGCGGTGGGGAAGCCAACCTTGGAGAGCTGAGCGTGCG	0	0.45461429629455996
ENST00000413522.1	SNORD56	CCACAATGATGGCAATATTTTTCGTCAACAGCAGTTCACCTAGTGAGTGTTGAGACTCTGGGTCTGAGTGA	1	0.806396287805621
ENST00000384713.1	SNORD56B	CTACAATCATGGCAATATTTTTTGTCAACAGCGGTTCACCTAGTGAATGTTGATACTTTGGGTTTGAGTGA	1	0.6768831172090825
ENST00000448188.1	SNORD57	TGGAGGTGATGAACTGTCTGAGCCTGACCTTGTAGAATGGAGGCAAAAAAACTGATTTAATGAGCCTGATCC	0	0.33582985457753844
ENST00000383875.1	SNORD58A	CTGCAGTGATGACTTTCTTAGGACACCTTTGGATTTACCGTGAAAATTAATAAATTCTGAGCAGC	1	0.6110819312314628
ENST00000607313.1	SNORD58B	CTGCGATGATGGCATTTCTTAGGACACCTTTGGATTAATAATGAAAACAACTACTCTCTGAGCAGC	0	0.41780667879499833
ENST00000365223.1	SNORD58C	TTGCTGTGATGACTATCTTAGGACACCTTTGGAATAACTATGAAAGAAAACTATTCTGAGCAAC	0	0.369911520043594
ENST00000384304.1	SNORD59A	CCTTCTATGATGATTTTATCAAAATGACTTTCGTTCTTCTGAGTTTGCTGAAGCCACATTTAGGTACTGAGAAGG	1	0.7324223594181334
ENST00000383903.1	SNORD60	AGTCTGTGATGAATTGCTTTGACTTCTGACACCTCGTATGAAAACTGCACGTGCAGTCTGATTATTTAGCAAGACTGAGGCTT	1	0.7561685668987129
ENST00000384252.1	SNORD61	GCTATGATGAATTTGATTGCATTGATCGTCTGACATGATAATGTATTTTTGTCCTCTAAGAAGTTCTGAGCTT	1	0.7330700308405377
ENST00000365444.1	SNORD6	CGATGTTATGATGATGGGCGAAATGTTCAACTGCTCTGAAGGGGCTGAATGAAAATGGCCTTTCTGAACATCC	0	0.17528428785964248
ENST00000428514.1	SNORD62A	TCTCAGTGATGTAATTCCAATAGATCCTTCTGACCCTCCACTGTGGACTCAATAGCAGGGAGATGAAGAGGACAGTGACTGAGAGA	1	0.5916795013876716
ENST00000426867.1	SNORD62B	TCTCAGTGATGTAATTCCAATAGATCCTTCTGACCCTCCACTGTGGACTCAATAGCAGGGAGATGAAGAGGACAGTGACTGAGAGA	1	0.5916795013876716
ENST00000384262.1	SNORD63	GTGCAATGATGTATTTTATTCAACACATCATTCTGAAAGAACGTGTGGAAAACTAATGACTGAGCACA	1	0.512296720521262
ENST00000411005.1	SNORD63B	GTGCCGTGATGTATTTGTCAACACATCACTCTGAAGAAAAGTATGTGGTGACTTTCTGTGACTGAGCATG	1	0.6026060987043221
ENST00000386683.1	SNORD64	GGATTTGTGATGAGCTGTGTTTACTGAGCATGATGAAGTAAAGCTCAACGTGATTACTCTGAAGTCC	1	0.5083656510668884
ENST00000391079.1	SNORD65	AAATGATGAAATCACCCAAAATAGCTGGAATTACCGGCAGATTGTGTAGTGGTGAACCTATGGTTTTCTGAAG	1	0.6271471786022615
ENST00000459126.1	SNORD65B	GTGTGATGAAATCACCCCAAATAGCTGGAATTACCAGCAGATTGTGTAGTGGTGAACCTACAATTTTCTGAAG	1	0.5621883298275779
ENST00000390962.1	SNORD65C	AAATAATGAAATCACCCAAAATAGCTGGAATTACTGGCAGATTGTGTAGCAATAAACCTAGTTTTCTGAAG	0	0.4247637075170037
ENST00000390856.1	SNORD66	TTCCTCTGATGACTTCCTGTTAGTGCCACGTGTCTGGGCCACTGAGACACCATGATGGAACTGAGGATCTGAGGAA	1	0.5811475538313889
ENST00000390833.1	SNORD67	TGTGAGAGTGATGAGTTGCACACTGGTGGAGCCATGGTATCAGGTGATACAGGCACCACTCAGTATCACCCTGGTGACAAAATCAAGTGCACAGGGGCCATCTGACTCACA	1	0.9252892702832676
ENST00000363214.1	SNORD68	TGATGACATTCTCCGGAATCGCTGTACGGCCTTGATGAAAGCACATTTGAACCCTTTTCCATCTGATTGCTGAGGCTTTTCATC	0	0.499674801942606
ENST00000391150.1	SNORD69	AATGTGAAGCAAATGATGATAAACTGGATCTGACTGACTGTGCTGAGTCTGTTCAATCCAACCCTGAGCTTCATGTT	0	0.21797515579346308
ENST00000391232.1	SNORD70	TTCGTTGTTGTCAATGATGTATTCTTCTTGGAACTGAATCTAAGTGATCTGACTCAATATTCGTCACTACCACTGAGACAACGATGAA	0	0.29702659641964463
ENST00000391007.1	SNORD70B	TTCAATGTTGTCAATGATGCATTCTTATTGGAACTGAATTTAAGTGATCTGACTCATTCGTCACTACCACTGAGACAACATTGAG	0	0.47796806406961023
ENST00000411292.1	SNORD71	TGTGTGTTGGAGGATGAAAGTACGGAGTGATCCATCGGCTAAGTGTCTTGTCACAATGCTGACACTCAAACTGCTGACAGCACACG	0	0.47869899349138745
ENST00000384567.1	SNORD7	ATGCGATGATGAGTGAAGTAGAGCCTGACCTGGTATTGCCATTGCTTCACTGTTGGCTTTGACCAGGGTATGATCTCTTAATCTTCTCTCTGAGCTG	1	0.6856255713403329
ENST00000390994.1	SNORD72	AGCTTATCAGTGATGTTGTAAAAATAAATGTCTGAACATATGAATGCAGTATTGATTTCAGCATTTAACTGAGATAAGCG	1	0.6666824850634774
ENST00000386062.1	SNORD73A	AATAAGTGATGAAAAAAGTTTCGGTCCCAGATGATGGCCAGTGATAACAACATTTTTCTGATGTT	1	0.6339050178816082
ENST00000364394.1	SNORD73B	AATGAATGATGACAAAATGTTTCAGTCCCAAATGATACATACTGATTATACCATTATATTTATCCTGACATT	1	0.7280175933420115
ENST00000364155.1	SNORD74B	GTTTCTGATGAAGCCTATGTTGGTAGGGACAACTAAGGTTGTTGATGAATGCTAACAGCTCTAACACACACAC	1	0.7470756836154057
ENST00000391112.1	SNORD77B	ATACTATGATGGTTGCATAGTTCAGCAGATTGAATTCATGAAGAGATTTACAATGTCTGATGTAGTT	1	0.814176508917136
ENST00000363915.1	SNORD8	TCCCAATGATGAGTTGCCATGCTAATACTGAGCCACCAGGTAGGGCAGTGTTGCCCTGGTTTGGGTGCCAGTGAGTTTAACAAAACTTCTCACATGAAGATCTGAGGGGC	1	0.9188781605519021
ENST00000365530.1	SNORD82	AGCACAAATGATGAATAACAAAGGGACTTAATACTGAAACCTGATGTTACATTGTAGTGTGCTGATGTGC	1	0.7219474468068263
ENST00000386747.1	SNORD83A	GCTGTTCGTTGATGAGGCTCAGAGTGAGCGCTGGGTACAGCGCCCGAATCGGACAGTGTAGAACCATTCTCTACTGCCTTCCTTCTGAGAACAGC	0	0.3077919116567559
ENST00000386745.1	SNORD83B	GCTGTTCAGTGATGAGGCCTGGAATGTGCGCTGGGCACAGCGCCCGAGACAGACTGCGGAACCGTTCCTTGTTGCCTTCCTTCTGAGAACAGC	0	0.27017960723298456
ENST00000391196.1	SNORD86	GATCACGGTGATGGCTGACCAGGGCTCCCTGACCTATACAGGCCTCTGCTATGGGGGTGATGGCCAGTCCTGGTGTCTGAGTGATT	1	0.8743116465562861
ENST00000364849.1	SNORD87	GCTGGCACAATGATGACTTAAATTACTTTTTGCCGTTTACCCAGCTGAGGTTGTCTTTGAAGAAATAATTTTAAGACTGAGATGCCAGT	1	0.6703468085958739
ENST00000408314.1	SNORD88A	GGGCCTCCATGATGTCCAGCACTGGGCTCCGACTGCCACTGAGGACACGGTGCCCCCCGGGACCTTTGACACCCGGGGGTCTGAGGGGCCC	1	0.6431681755964134
ENST00000408454.1	SNORD88B	GGGACCCCGTGATGTCCAGCACTGGGCTCTGACTGCCCCTGAGGACACGGTGCACCCCGGGACCTTTGACATCCGGGGTTCTGAGGGGCCC	1	0.8010941456307172
ENST00000408061.1	SNORD88C	GGGCTCCCATGATGTCCAGCACTGGGCTCTGATCACCCCTGAGGACACAGTGCACCCCAGGACCTTTGACACCTGGGGGTCTGAGGGGCCC	1	0.8543084464399048
ENST00000390981.1	SNORD89	ACTGAGGAATGATGACAAGAAAAGGCCGAATTGCAGTGTCTCCATCAGCAGTTTGCTCTCCATGGGCACACGATGACAAAATATCCTGAAGCGAACCACTAGTCTGACCTCAGT	0	0.18610249735481113
ENST00000391145.1	SNORD90	TTATAAGTTTTCTAAGTGTCTAATGATGAATTTCATAGGGCAGATTCTGAGGTGAAAATTTAATTCATCACTGATACTCCTACTGTGGAATCTGAAGACACTTGAAAACGT	1	0.849336291545693
ENST00000390861.1	SNORD91A	TAGAGAAGTCAATGATGGTTTTATTCATATCGTCTGAACCTGTCTGAAGCATCTCAGTGATGCAATCTCTGTGTGGTTCTGAGACTTCTCCAAGT	1	0.5364677913304483
ENST00000391250.1	SNORD91B	CTTAAGAGCCAATGATGTTTTTATTCAAAATGTCTGAACCTGTCTGAAGCATCCCAGTGATGCAACTTCTGTGTGATACTGAGGCTTTTTTGCCA	1	0.5047939604665448
ENST00000362566.1	SNORD9	CCCCTGTGATGAGTTGCCATGCTAATACGGAGACACCAGGTAGGGAGTTTTACCCTAACTTGGGTGTTGTTGAAATAAACTCTTTCTCGTAAATGCTGAGGGGC	1	0.8391203066546906
ENST00000585078.1	SNORD92	GTGCTGTGATGATGCCTTAATATTGTGGTTTCGACTCACTGAGAGTAAAATGAGGACCTACAATTCCTTGGCTGTGTCTGAGCAC	1	0.7165320779905292
ENST00000408813.1	SNORD93	TGGCCAAGGATGAGAACTCTAATCTGATTTTATGTGCTTCTGCTGTGATGGATTAAAGGATTTACCTGAGGCCA	1	0.5619978334206407
ENST00000386037.1	SNORD94	CAGGCTGTGATGATTGGCGCAGGGGTACGGACCTCAGCTGAGTCATGGGAGCTGAATGTATGTGTTTCTCCTTTGTCCTGCATGTGGCAGGCTGATGGGGAGCACTTACATGAGACTGTTGCCTCAATCTGAGCCTG	1	0.7788740821641057
ENST00000579879.1	SNORD95	GGGGCGGTGATGACCCCAACATGCCATCTGAGTGTCGGTGCTGAAATCCAGAGGCTGTTTCTGAGCTG	1	0.681621913441811
ENST00000606577.1	SNORD96A	GGTCCTGGTGATGACAGATGGCATTGTCAGCCAATCCCCAAGTGGGAGTGAGGACATGTCCTGCAATTCTGAAGGGATT	1	0.7813994489354543
ENST00000386148.1	SNORD96B	GATCCTGGTGATGACAGACGACATTGTCAGCCAATCCCCATGTGGTAGTGAGGACATGTCCTGCAGTTCTGAAGGGATT	1	0.8044534262860491
ENST00000459187.1	SNORD97	TTGCCCGATGATTATAAAAAGACGCGTTATTAAGAGGACTTTATGCTGGAGTTCTTGACGTTTTTCTCTCTTTTCTATACTTCTTTTTCTTTCTTTGAATGTCCAGCGTCCTGTGAGCGAAGATTATGAGATATGAGGGCAA	0	0.4368222441315062
ENST00000636377.1	SNORD98	GAGTTATGATGTGTGTAAATCCTATTCCATTGCTGAAATGCAGTGTGGAACACAATGAACTGAACTC	0	0.41041477408235133
ENST00000408612.1	SNORD99	ACTGGTCCAGGATGAAACCTAATTTGAGTGGACATCCATGGATGAGAAATGCGGATATGGGACTGAGACCAGCT	0	0.16356907538189328
