ensembl_transcript_id	cdna	RNALight_pred_label	RNALight_pred_prob
ENST00000310441.12	GTGAGTGATGGGTGCTGCCAGGCTACGGCCACTGCCAGTGGTGAATGGCCGCCCTGGGCCAGCTCCAGGAGAGTCTCAGCCAGGCCATGCCCTTGTTTGGTTTCCAGATCACTCC	1	0.8945520017973081
ENST00000310441.12	GTGAGTGATGGGTGCTGCCAGGCTACGGCCACTGCCAGTGGTGAATGGCCGCCCTGGGCCAGCTCCAGGAGAGTCTCAGCCAGGCCATGCCCTTGTTTGGTTTCCAGATCACTC	1	0.9047647668509073
ENST00000369842.8	GTAAGGCAGGGGTTGGGTGGGCACGCTGGCACCTTCACCCGACTTCGTCAGGGACCCCGCTCACAGGGAGGACCTGAGACCTCAGTCCCAACCACTCCAGCAGCCTTAGGAGGGAGAAACTGTTACAGGTCCCGAAATGGGATTCAGATTAGGGCCATCAGGCCAGGCGGGGCACACCGATGCCCCCTCTGCTAC	1	0.659727110592002
ENST00000378037.9	GTAAGATAAAAATTTACTGATCTTTACAATTACAGTGTAGTAGACAATTCGGAATTAATTTGAAACACATCACAACATAACTTGAGAAAATTTTCTTTGTATATGTAGTGGTAATAAATGTTTAAAGGCTGCAAGGATTGCATTATAAAAGCTGTTTGTTGGCTTTCTAAGTCTTTTATTCCTGTATTGGGAATAATCAGATTTTAGAAAATGGATATAAGCTGAAATGTATATTTAATGAAACTTTCTGCATGAAATGTTTTAGCATATTATTGTATGCATTTCCTGGTTGGAAGTTTACTGGGAGACTGAATGTAATATTAAAATTTGTTTATTGAATATAAAGCAAAAGGGATTAAATTCGCTTTTTAAATGTTATCAAGCTCTCTTGGTTTTGTGTGAGAACTCTTTAAGAGTAAACCCGAATGTACTCATATATGTATATATATACACACATATATATACACACATATATATACACATATATATGCACACATATATACACACATATATGCACACATATATGCACACATATATATACACACATACACATATATACACATATACACATATATACACACACACATATATATATAATATGTATACACTGTATATATTGGTCCTTTCTGCATACAGAAAATGGCAATAAACCGGTTTCTCTAACATTATTACCTCTATAGTGCCTCGATACCATACTCCTTATCTCTTCTAGCGTATTGATACACAAAGTTTTGGGTATAGAATAAATCATTTCTTGAGTTTTTTGTTTGGTTGGGTTTTTGTTTTTATGGATACATGTTCTTCAAATATGTTTCCTTTTGACCAGGTTTCTCAGAAACACATTCTTGGAGATTGTTTACATAGATAATTTTTTAAAACTCCCTTTTAAGAAAGATCTATTCACCTTTGTCTCAACAAAATCAACGAACGCTATTTGACTTTTCACTTAAATAAAAAATCAGATATTCAGCAGATAGTCTGTCAGTGGCTGTCATGTGTAAAACTTTCTAGAATGGTAATTATATTTGACAGAATGCTACCTGGAGGGGAGTGTTAGGCCCCTACTACATTGTATCAGAAGGGACATTACTTAAGGCAGCTAAGGACATTGTAGCAAGGATGCAAAACTGGAGCCAAGGCTCACATAGAAAGCAATAATGTAAACAGCAAGATGTAACACCAGAGGAAAAGCTGCTGGAAAACAAGAATCAAAATTAGCCAACATGGCTGGGCACAGTAGTGGATACCTATAGTCTCAACTACTTGGGAGGCCAAGGTGGGAGGATTGCCTGAGCCCAGGAGTTTGAGTCCAGCCTGGGCAACATAGACCCCATCTCTTAAAATTAGTGGCCAGGCATGATGGTTCACGGCTGTAATCCCAACACGTTGGGAAGCCGAGGCGGGAGGATCGTTTGAGTCCAAGAGTTCAAGACCAGCCTGGGCAAGAGGGTGAGACCCCCCATCTCTGCAAAAAATAAAATTTTTAAAGTTTTTTTTTTGGTGGTAGACAGTTGTGGTCACAGCTATACGGGAAGCTGAAGTGGGAGAATTGCTTGAGCTCTGGGGTTCAAGACTAGTGAGCCATGATTATGCCACTGAACTCCATCCTGAGTCAACAGAGCAACACCCTGTCTCAAAAAAAAAAAAAAAAAAAATTAGCCAAGAAAACTGAAAGCAGGATAGCTGAGTAATTCAGGACTCAGTTCTGGAACTAAGACTGTGAATTACACCTTCCCTAATCTTGATTGTGTTGGGTGGAACATAGCAAATGCTTAGGTAAATAATGGTCACTTAGTAATTTTTTGTAAATTTTTGAATGAATGAAGTATGTTGAGATGATCAACCTTAGCTCTTCAGAGATACATTTCATAGCATATGAAACAAAAATATAACCATAGACTTAAATGTAAGAGAAAAGGAGCAAGACTTAAGTAAAATTATGGAGGAAGTTTTAAAATATGAAATTCTAGGCCAGGCGTGGTGGCTCACACCTGTAATCCCAGCACTTTGGGAGGCCGGCAAATCATGAGGTCAGGAGTTCAAGCAAGCCTGGCCAGCATGGTGAAACTCTGCCTCTACTAAAAATACAAAAAATTAGCTGGGCATGGTGGTGCCCACCCGTAATCCCAGCTACTCGAGAGGCTGAGGCAAGAGAATCATTTGAACCTGGGAGGCTGAGGTTACAATGAGCCGAGATCGCACCACTGCATTCCATCCTGGCAATAGAGGGAGACTGTCTCAAAAAAAGAAAAAAGAAAAAAAAGGAAAAGAAATTCTATCCTTCATTTTTACTCTATAAATTGGAAAAGACAGCCATTTTTCGTTTTTGGTTTTTTTGTTTTTGTTTTTGTTTTTTTTTTTTGAGATGGAGTCTCACTCTCTCGCCCAGGCTAGAGTGCAGTGGCATGATCTCGGCTCACTGCAAGCTCCGCTTCCTGGGTTCACGCCATTCTCCTGCCTCAGCCTCCCGAGTAACTGGGACTACAGGCGCCTGCCACCACGCCCGGCTCATTTTTTTGTGTTTTTAGTAGAGACGGGGTTTCACCGTGTTAGCCAGGATGGTCTTGATCTCCTGACCTCGTGATCTGCCCGTCTAGGCCTCCCAAAGTGCTGGGATTACAGGCGTGAGCCATCGTGCCCAGCCAAGACAGCCATTTTTCAATCTTAATTGTAAGTGGTCTGAGAAGCATGGTTTAAGAGCCACTCTTACTTTAAAATACAGTATGAAAATTTAATCGCGACTTGGATACCTAGTTAATGTCAGAGAAAATAAAACTT	1	0.7833757564751824
ENST00000317133.9	GTGATAGGCACAAGCTGTGTGAGTGCTGTGTCTCGGGGAGGAGAGGCAGCTTGTCCCCGCGTGCAGATTCTTGCTTGCGTATTTCAGAAGGTGGTGTTTAAGCGCTGAGTGGAATTCTGGGGGGTGTGCACGCACGTGCTTTTTACCTGTGTTTC	1	0.7509737575638076
ENST00000358495.7	GTATGCGGCCTAAGTCCCCTCCTTTCCTCTGCGGCCCCTCCTGTGTCACGGGGCTGCCTCCACTCAGGCCTCCAGAGCCAGCCAGCCGTGCGTGTCCTCCCAGCAGCCGCGGCTGTTGCTCAGGAGCCCGTCCTC	1	0.6317340247232293
ENST00000542129.5	GTAAACAGTAGCCAGTATTTCCACCAGGGGCCATCCTGCTCCTTTCGCCACAACTTTGTCCTGCTCGTCCAGGCCTTGGGAGACGCTGGGTCTGTGACAGGCTGAACCGTGTGAGGAGCAGCCCCCTCCCTGACCTGGCCGGCCCAGCACTGGAAGGCAAAGGAGAGGTGGCGGGGCAGGTCCACGTGTGTTGGTAGGATGTCATTTAGCTGGCACCATCTTTTTGC	1	0.8890512172573082
ENST00000267116.8	GTGAGTTGGGAGCAGGGAGGATGGCGAGACCGGAATCCTGGCTCCCGTGTTCTGGACCCCTCCCCACCGGTGGGGCGGCTCCGTGTCTCCTCTGCTCAGATGAGGCCGCAGTTCTTTCCATCCTGGAGTGAAAGCCTACTCTGCATTTGGGGATGGAGAGCAGGTCAGGCTTGAAGCCCAGATCACTTGGGCTGGGAATGCCCAGGAACGTTGTTCTCTTCTCAACCTCCGGAGTCTGCAGCGCCCCCACCCCTCCTGGAAAAAGGAGCCGGCTTCTCAGCCCATTGGCCCTGACTCCACCCTCCCTAGGTGCTTGCCTTTGACTCCCAATACCGGGACTTAGGACGCTGCAGAAACTATGGGAAGAGGTTGTGGGGAAGGGCCTGGAGCTCTGAGACTTGGGCTGGGGTCCTTGATAGCCCCCTTACCCCGCGCCCATACTCC	0	0.3151570495731986
ENST00000267116.8	GTGAGTTGGGAGCAGGGAGGATGGCGAGACCGGAATCCTGGCTCCCGTGTTCTGGACCCCTCCCCACCGGTGGGGCGGCTCCGTGTCTCCTCTGCTCAGATGAGGCCGCAGTTCTTTCCATCCTGGAGTGAAAGCCTACTCTGCATTTGGGGATGGAGAGCAGGTCAGGCTTGAAGCCCAGATCACTTGGGCTGGGAATGCCCAGGAACGTTGTTCTCTTCTCAACCTCCGGAGTCTGCAGCGCCCCCACCCCTCCTGGAAAAAGGAGCCGGCTTCTCAGCCCATTGGCCCTGACTCCACCCTCCCTAGGTGCTTGCCTTTGACTCCCAATACCGGGACTTAGGACGCTGCAGAAACTATGGGAAGAGGTTGTGGGGAAGGGCCTGGAGCTCTGAGACTTGGGCTGGGGTCCTTGATAGCCCCCTTACCCCGCGCCCATACTC	0	0.3252243483021609
ENST00000546705.5	GTCCCACCCCCACCCCTACAGAAAAAATGGGAGCAAGAACTTGTGCTTGGGAGCTGGTTATTGGTGTGGTCCTAGGGAGGGCGGAAAGGGAGGCACTGCCATTTGGAGACATTCCATTTCAGATTT	0	0.39718923062859723
ENST00000308736.7	GTAACACAGGGTCCCATGTCCTCTGTGAGCTTGGATGGCACAAGGACGCCCTGGTGTCGGGAGCCCCCTGAGAGACCTCACTTGGTCACAGGGGGGATTGACAGCAGCTTGGAGGGGGTGTTAGAAACCTTGATTCGGAATAATGGGGAAAGGGAAGGCAGCCCTGGGCCGAAGCTCGTGTCCCCCCCACTCC	0	0.3220108580719085
ENST00000320574.9	GTGAGTGCCAGTTGCGTTCTCTACTCTTAAAAGTTTACAAGGAAAGCTAGACAGAGCAGAATATGTCTGAGTTGGATTATGTTTTTTGTCTGGCGTCTTCACTCTTGACTTCCTCCTTTCTGATAAGTAATAGGTGAGCACCTAATAACCTTTTAGGGCAAAACTGAAAACATGAAGTGCCTGGGGCCCTTTAGCTGTTCTATTGGATGGACTAAGGCCAGGGGTGTTGGCTCAGCCACCTACTAGCTCTGTGATCTAGAGGAGTCAGTGAAGCTCCCTGCCTTGGTGTCCTCTGTTGTGCAATGGGCACCTTTCATCATAGAGTTTCTGAGAGGATTAAATAAGACACAGTGGTTAGCCCTGTGCTCAGCATGAAGTGAGCCCCACTCTTGGCTGCTGC	1	0.8973012592188297
ENST00000528542.6	GTGAGCACCCGGCCCCTGCCCTGTCCCCACGGTCACCCGTGCACTCTCCCCCTGTGCCTTAGCGTCCCCGGGTTGTCGGGAGCCTGGGGCACGCGCAGCACCCCGGGGAAGAGGGGGCGTTCCTC	0	0.4854022077620658
ENST00000299550.10	GTACCACTTTGCTTTGCCTTGGCCTTAAACCCTGGCCCAGCCTAAGAGCTTATTCTTTCTGCTACTGCCCGAATTCTGACTCTGGGACCTTTCCTGAGTCTCTGATGGGGCTGCAGCTTGGCCAGACGTTGTCCCCTGCTGCAAGGTCCTGTGAGATGCATATTAGGAGTGAGGTGTCCCAGCATTCATGGGGCTTGCTGGCTTGGGGTCCTGGAATAAGTGGCTCTCATGTAGGCATGCAGGGCCTGCCAGTCTCTCCCTCCCCTCCCTCGAGAGCTTGTTGGTTCTGTGCTCTGGCTGC	1	0.7455019755241366
ENST00000528488.5	GTAAGTGTCAAGTGGGAGGATACTGCCCCCTTGTGGGGGCCAGACGGGTCGGACACGGCTGTGCCCCATCTGGGGCCAACACCACTTGTCTGTAACATCCCACATCTGCCAGGGAAGGGTCTGGGGGCCAGTGGAGGCCTGAGGTGTCCCTCCCTCTGAGTCCTTTGGGGGCTGCAGCCCAGGGGTTTACCCTAGTGTTAAGAGTGGGCATGGAGGCCCTGCTCTCTGTACAGGAGGCCTCTCGCTGC	1	0.9652433547067142
ENST00000602866.5	GTGAGTATTAGCACTCCCAGGCAAAGATGATGAGGCTCAGAGGTCAGGAGCTGTCAGGCCCCCAGCTAGCCAGTGGTGGAGCTGGAATGAGAATTGGGATCTGTCTTTAACATCCCATGTGTCTCACCTGCACTCTGGGGGCTGCCTCTCTGCCTTTTTTGACCGTGTCTGCCCATCTGTGAACACCTTGCTCC	1	0.8274208645156507
ENST00000602866.5	GTGAGTATTAGCACTCCCAGGCAAAGATGATGAGGCTCAGAGGTCAGGAGCTGTCAGGCCCCCAGCTAGCCAGTGGTGGAGCTGGAATGAGAATTGGGATCTGTCTTTAACATCCCATGTGTCTCACCTGCACTCTGGGGGCTGCCTCTCTGCCTTTTTTGACCGTGTCTGCCCATCTGTGAACACCTTGCTC	1	0.8269627675624976
ENST00000602866.5	GTGAGTATTAGCACTCCCAGGCAAAGATGATGAGGCTCAGAGGTCAGGAGCTGTCAGGCCCCCAGCTAGCCAGTGGTGGAGCTGGAATGAGAATTGGGATCTGTCTTTAACATCCCATGTGTCTCACCTGCACTCTGGGGGCTGCCTCTCTGCCTTTTTTGACCGTGTCTGCCCATCTGTGAACACCTTGC	1	0.8267008581214446
ENST00000275517.8	GTGAGCGGAGGGCGCGCGGGAGACGTGAGGTCGAGCCGTTTGGGGGACGCAGTCCGGTGAAAGATGGCCTCTTCCCTCCCGCTGCCGCCGCCGGAGGAGGCGCCCTTAAAAGGGCTTGTTTGGGAATCTTCTCGCTGTCTCTAGAACCTGTTCTCTGGACTCTAAGGTCTAGAGTCCTCCTCTAC	0	0.20503298278777182
ENST00000453788.6	GCATACCTCCTGCACCCCGAGGTGTTCCTCAGATTGAAGTCACTTTTGACATTGATGCCAATGGTATACTCAATGTCTCTGCTGTGGACAAGAGTACGGGAAAAGAGAACAAGATTACTATCACTAATGACAAGGGTAA	0	0.44449596530984714
ENST00000604729.5	GTGGGTGAGGTCGGCACCCCCTCCTGCAATTAGCTCCGGGCCAGGCCGCATAACAGCCTTCCTGTTAGGCCCAGGCCTCCATGGGTTCACCTAGGCCGTGTTCTGC	1	0.900114214142732
ENST00000429989.7	GTAGGTGTAACTGTCGCAGGACACTGAGCTTCAGGCAGCCAAAACCAGATTCGTTGGACTTCATTTTCCCTCCTCCAATCTGTTCCCTGACAACAAGCATTTCTTGTGCAGTGTCAAGGTGTATAATTGTCAATCTTTACAGACACAGCTCTTGCGTACTCTGCCCACATGATAGTATTGGCTGCTGGAGGTATGGGCTGGGCTGGTTGGGTTTTGAGCCCTGTGGATGTGGAGAGCTCAGCTCTTGTATGCAGCTGTGCCCAGAGCAGGCTTGGGCAATCCAGCTTCCTGACCCTGTCTGTGCCTCTGGGAGCAAGCGGGCAGGTCCCTGAATACAGGCATGCTTATTGTGGAAGCCCTTATCCTCCAGGATGAGAAAGAGCAGGCAGCAGGGAGCGGGGCTGGGTGACATGCCCCCAGGGTGCCCTGTGGGGCAGGGGTGGGCCTTTAAGCACCTCTGGGCCTCCTTGCCCAGCCTCAGGAGGAGAGGGGAGGAGTGGAGACCTGGCTCCTACTGTCGGGAAGGACATGGTGCAGTTGCGGCTCCAGGAAGGGGATGAGACTGGATATGGGCAGGGTGGGGCTGTGCTGCTGCTTGTTGCCCTGTGGCAGGGGTGCTGGGGAGGCAGTGAGGGCTGAAAAAGGCCAGGGAGGGAAGAGGGGAGGGGAGGGAAGCAGTAAGGTGGAGCAGGCCTGGCCAGAAAGAGCCAGGAATAAAGCTTCCTCTAGTGTCTTGAGCCTAGGCCTTCTTCCTTCAGTGGAACCTCCCTTTGCTTCCAGCAGGAGGAGGCAGGAGAACCTAGGTCTACAGGCTTTCCTGCCATGGTCTTAGGGACTGGATAAGGCCCACCTTCAGGTTTGGGCACCTTCCAAGTGGCCTGTGAACCCCTAAAGGGCAAGAGCTGGGGTACGATGTCCCTTTGCCCCAGTGACCCAGAAGCAGGTTCAATCTGTGCCTCACAGCACCACCGTGTGGCTTCCCCTGGGACTGCAGCCGCCTAACTGGGTGTGGCCCTGAGTGTGGAGCTGGCTACTACAATTCCTTTGAATCTGTCGATCTAAAATAAGTGAAAAGGCCAGAACCTAGTTTAGAGAGAGTTTATTCAAGCACACATGTTGAGGACAGGCCTACCCAGGAAGCACAAATTCCAAAGAATGGAAGTCAGCCTTCCTGTTCGAAATGTAGGAGCTTGGGATCATTTATCCAGCCAAAGCCAGACAGAGACTCTGTTGCCCAGGCCGGAGCGCAGTGGCTGGATCTTGGCTCACTGCAACCTCCGCCTCCCTGGTTCAAGAGATTCTTGTGCCTCACCCTCCCAAATAGCTGGGATTACAGGCATGTGCCACCATGCCTGGCTAATTTTTGTATTTTTAGGTAGAGATGGGGTTTTGCCATGTTGGCCAGGCAGGTCTTGAGCTCCTGGCCTCAAGTGATCTGCCCTCCTCGGCCTCCCAAAGTGCTGGGATTACAGACGTGAGCCGCCATGCCCAGACACCTATGTATGTCTTGATGCTTAGTCACAATGTTCTGATTAGTTGAGGCGGTCTTTTTCTTTCAGGAAAGGTATGTTTAACATTCCACACTGAAGATGTAATTGTCCCTGGGTCTTAGATGATATCTGATCTGAGTTAGTAAAGAACAATGAAGGAAGCAGTTAAACTATAACAGAGATCAGTGACTGGAAGGGGGGCTGTGGTCTCTCCGGTCCCTTAGTTCAACCATAATCTAAGAAACAGAATTGCAAACATGCTACATGACTCAGTCTCCAGGGCTTAGCTTCCCCCTTGGCGTTTTACAAACCCTATGGAACTGCTCTGCCCATTGTGTGACTGTGTTTATATTTAAATTGAAATTGAATATAAATTAAAATTCAGTCCTTCTGTCTCATTAGCCACATTTCAAGTGCTCCACGATACCTGTGGCCAGACAGTGGGGGTATAGTCTAAAACACCTCCATTGGTGTAGAAACTTCTATGGACAGCATTGCTTTGGCCTGCCCTTGGGCGTGTTTTCTACTAGAGTGTTCATATTGAGGCTGTTTTCATCTCAGAAGAGTAGTGTTCTTCATTAATTAGGTGCCAAATTGGGGGACTAACAAGGTCAGCCACCTGGGTGACCAGTTTGACCACAGGCCACAGGGCCCCGTTTCCCTCCAGGCCTGGAATAGGCACCCCACAGGCTGCAGAAGAAGCCTGGTGGCTGCCTAGGAGGAACTTGTAGCGTAGGTGGAGGCCAGGAACACTTTCTGGGACCTGAGGTGGGCAGGGATCGCCTGGTCGGAGGGGCCCCTAAGGGCATGGATGGGGCCGGACTCTGGCCTGGCTGTCAACAAGAGGGCTGAGCCTGGGGAAGCAAGTCCCTGTTTTCAGTACCACCTGCATCCCCCAGGGCAGCATCCTTGACTCCCCTTCTGGGCCAGTGCTGC	1	0.8387741051376153
ENST00000495415.5	GTGAGGAGTCTGAAAGAAGGTCCCCACATATACACATCTCTCCTTTGCTTGGCCACATTCCCTAAGATAATTTAGGGCCCGCTTGCTTCTTTAGAGCTATATTGTGGTCTGTGCCTAGAAGACTAAACTTCTAGATTCTTGTCCCACTTCTTCCTTTCATGGGCGTATCTTGCTTATTCTGAGCGTGAAGGGCTCTTTCACCCGTTTGTAGGCTGATGTCTCAGCCTCACCACAGATTGGAATTGATTTCTCAAGCTATATATCTAAGTCCAATTTCTC	1	0.7478019043911992
ENST00000527372.6	GTACCCTTTGTCCCTTGGCTGGTAGTTGTGAGTGTGAGGCCTCATCTGGGGCTTGCTGCCATCCCTGGGGCGGGAGGGGACTGCTGGAGTGAACAGATGCTCTGTCAGTGGCAGAGGCCCTGCCCCAGGCCCCGTGCTGACTGGGCCCTGGGCAGGTCAGGGGCTTACCCAGATGGGGAGCCCTGGGGAGAAGGAGATAGC	1	0.9699463883495416
ENST00000593039.5	GTGAGTGATGTGGCAGAGCCTGGGGCCAGTGGAATGTGACCTCGCCTCCCAGCTCTGGAGTCTGGTCTCTGGCCAGCCCCATCCCTGGTTCCCCACTGC	1	0.7606203792837612
ENST00000167462.9	GTAGGCAGTGCCCAGGACATGGCAGGCGCCATGTTGCTCTCCCAGGGCCCCAAGTGGCACATACACACTGTGCAGAGGCATGGGGTGCAGGCGATGGGAACGCCGCCTCGGTCCAGCGTGCTGC	1	0.8039837238658556
ENST00000563776.6	GTGAGCCCTCAGTGCAGACCCCAACAGCAGAGACACAGTGGCCGGTGGTGGCCCAGGTGGACCTTCACCCAACCCGTGGCCAGTGCCATCGCTCACAGCATTTTGGGGAGCCTGACGTGGAGTTGCCTGACGTGGAGTCACCCGGCCCTCTCCTGTGATCCCACTTCCCCTGAGAGGGTCTGGGGCGTCCCGCAGTCTGAGCCATTGAGGCCGGCAGTCCTCTTTCTTCCCCAGTTTCCAAACCCCCGGGGGGGGACCCGCAGAGGGCCTGCGTTGGGGGCGGCCCTAGGCTTGGGCCCCAGTGACTTGGGGGTGTTTGGGAGCCATTGGGGTCAGACAGATGAGGCTGCACCTGCTGCCTGCCTTCTCCCACCAGCTTTGTTCCTGTGGCCGGGACTTGGGCCCTCAGTGGGCCTTGACCTCCCCCTTCTGCTCTCCCCCAGCCAGGCTCATGCTCCAGCTGGGAGCCATGTGCCCGCGGGCAGCCTCACTTC	1	0.9239056938985218
ENST00000343262.9	GTACCCGGCTGTCCTGGAGGGGGCTGCGCTGGGCTTGCCGGGACTCTCTCGGCTCTGCATAGTTGCACTTGGCTTCACCCGTGTGACTTTCGTAACGGGGAGAGAGAGAAAAGATCTCCTCAGGACCTCGGATGGGCCTTACTGTGGCCTCTCTTTCCTTGAGGGGTGCAACAGGCCCTGGGCGGTGGGCAGTGATTGGGTGTAGGGCCACCAGCT	1	0.8806279112379288
ENST00000562988.5	GTGTGCCCCCCCAGCGACCCCGGAGAGAGCCTAGGCGGTGGGTGGTGCAAGGGATGTGGCCACACGGCTGGGAGGGGCTTGTCCACCTGCTGCTTCTGGCCCCGGATGGCCCCCTGAGGGTCAGGCTGCACGTGGCAGGGAGGCCTCTGGCTGCTGGCGGGGCCCTCTCCCGCCCCTTGCTGCTCCGCCACTGGCCTGTGGGAAGAGGCAGGAGGCTTGGGGTCCCCCAGCCTGTGC	1	0.8041600341136755
ENST00000563314.5	GTAAGAGCCCAGCTGTCCCACTTCTGGGTCTGTTTGCCAGGGCCCGTCTGCCATGGGGACCATCCCATTGCCAAGTCCCTGGTGCCACCCTTGCCATAGTGCTCCCTAACTCTGGCTCTCAGAGTCTGTTTCAGGATTCTGTGGTCTTC	1	0.7031862631901674
ENST00000389301.8	GTGAGGCTCTCCTTCATGGGGGCCACCCTTGGGGGCCCACTCTGAGGGCCAGGCTGCTACTTCTCAATTCGTCTTCAGTGCCCTGGAAAATTCCAGCTTGGAAGAGGGCAGTCTGCTCTGC	1	0.7812580408908923
ENST00000389301.8	GTGAGGCTCTCCTTCATGGGGGCCACCCTTGGGGGCCCACTCTGAGGGCCAGGCTGCTACTTCTCAATTCGTCTTCAGTGCCCTGGAAAATTCCAGCTTGGAAGAGGGCAGTCTGC	1	0.7647785577185906
ENST00000381359.5	GTAGCCCCAGGGAGGGGAGGGAAAGGGACGGTGGAGACCTGGGTTAGACCAAGGGTTATAGAAGGAAAGAGAGCTACCTCAGGGCTTGAATGTGGACTAGTCGTGAGGAGCAGAGTGCATTGCTTCCTCTAGGGTTTTATTTCCTCCCCACCCTCCAAATTGTTAGCTCACAGCCTTACAGGAAAGGACGGGGGCGGGCGCCTGCCCTCAGTCTGATTTCTGAGCGTCCCTGGGTCTGACCTTAAGGGCAAGGGCAGGGAGCTTCACATTTCAAATACAGTTGTGGTTACGGCAGCCCAGTACTTTTGGCCCTCCTTGCTGTTCGGTTCTCCTCCCTTCTCCCAACCTCCTCACTGGTGTTGCTGGGTGTGGTCCTCAATACAGAATAGAGACCCTTGGGCCTGTGTCACCAGACTTCTGACCCCTTGGGCAACAGCCAGATGGAGACTGGTCGCCTTTTGAGCCTCAGCTCTCTTCCTCTTGTTCTCCTAGGGTGGGAGTACAGCAGCCAAACGCTGAACTTAGTCCCATCCACTTCCATCTTATCCTTTGTGCCCTTCATCCCCCTGCATCTTGTCCTTTTTGCCCTCTGGTACCTCCCAGTGC	1	0.8611028010152445
ENST00000452015.8	GTAGGCGGCGGGGGCACCTCCCCTCCTGGGGACCTCCTCCAGTCGGCCGCAGCGGGCTTGTGGGAGTGGATTTGCCAAAGAGCACCCATCTCCATCCCATCCCTGGGCTTGCGCCTGCCCATCCCTTTTGGGGACCCCATCTGCGAGTGGCTCTAGGCCACCCTGGCAGCTGGGCCGCACTCTGCCGGCCTGGACGCCGGGGTCGGCCTCTGATTGGTCCAGTGCCTTGCTCTGACACCGCCCCCTGTCTCTCCCCTCTCTCCGCCCTGGGCTCCCTCCTC	1	0.7477960882326555
ENST00000381346.9	GTAAGTGTAGAACTAGAGAGACTATGTTGTGGGTCTTGAGGTCAACATGGCAGATTCAACTAAAAGGAAAAGGTCCCTCTTCCTCATAGAAGTGGTGGATAAAATATAGCCAAAAACTTCTGTAGCTGAACTCATAGTCACTGGGACACAATTTATGTCAAAGGGATATCTTCCAGAGGCAGAAACAAAAAATGAATTCAAAACGTCATAGCAGTGAGTAAGAGCTGAAGCCAGAAATCTCATGGGAGTCTCAGCACTCAGTACAGGCTTTTTAGGGTCTGGGGTCTAAATACTTACACAGGGATAGGAGATGAGGCCACAGGCCTTTGAGAGCTGGAGCTGTATTTGAGGTTCTACACAAAGTTGAGATTCACAAAGGGCCATCTGGTCCATAGTATAGAAGCTAATAAAAATCCTGGCCACCAGCTCAGAGACATGACAAAGAAGTTTACCATCTCTTTAGACATAGATGGATACTTACCTGCAAAAAATTAGAACCCGAGCTGGCATCATGTGTGGGGTCTGAATTCGTACCACCAAATGATATGAGGATATTTATGGGTTTGATTTTTGTATGTGTGTGTAATACTCTATGGAAAATTAACGTAAAAACCTGTAGTGTCTCATCAAAAGCAAATCCAAGAGCACTCTATAGGCATATCCCCTTATAGCCCAGGGATCTAGGCCTCCAAGGAAAAAGCTTTCACTGGTGTGAACTCATAGTCATAAATTACAAACCACATGAGGAAATGAACCATGAGAGAGAATTGGAAGATGCAATAAAGAGGTGAAGCCAGTATTTATTTCTTTGGGGACCTGAATCCCAGGGCAGAGGTACATAGAGAACATTCTTTTTTCTCTTGCTTTGGAATCTTTCCATTCAGCTTGGGAAGTCTTTTTATTGAGAGAGGTGGATGCAACAATTCCCAAAAGCAGTGAGTAAGTAGCTCCTGAACTACAAGGATCTGGAAGGTCATTTGGTAGTATAAAATGGAATTCTGCCCCATAGTAAAAGTAGGTGGGATTCAACTAAAGTCTTAAAATGAAAAACAATAGAAAATAAATATGAAGGAAAAATGGAGGGAAGATTGAAGTCCTGCATCCTCATTTTCAAAGCCTGAGCGTGAGGCAGCTTTCTAAGATGTAATAGCCTTGGCTAGCCACTTC	1	0.8264764946147715
ENST00000314067.10	GTAGGTTAAATCAGATATGATTGGGGAGGCAAAGAACACGTGAATTAATACACTCCAGATATCATCTATAGTGGACCTTGATGTCAATCTGGATCTTTCTGGTGTTGGGCTCCATCCAGGGTTCCCATTTTGTTATTCCCATTCTGGTCATCCCCTGCTGTATACAAGGTTCTGGGGACGGTGGCCCGGCAGCACTCCTGGAACAGGTCCTGCCTGGGGTTCCC	1	0.8102510243543991
ENST00000554375.5	GTGATACCTCTCACAGTTAGCTTGGCTCAGTGGGGAGATAATATTCCCTATGGGAGTTGTGTATCCTATTAACAATCAGAGGTGCTACAGAACTCCCTGAAGTTAATGGAGCCAACTGGAATGTGTTGGGAGTTTACAAGAGTGAACATTATGTAGAATGTGAATGGATATACAAATAAAAGATGAAACGTAATTCATATAGAAGTACTGACAAAAAAAAAAAACACTGTCATTACAGTGTCTATTGCCTGTAAACCTACAAGCCTGAGCTGTGTCTTCTGTAACTTTTGATTAATGTTATGTTATTATTGTGTAAGTTAAAATACTCTTGGCTTCTTTATGACTCCTCTTGAATTCATGAATGCATCTTTGTTCTTTCCTAATTTTGGTCTTTCATCCTAGAATTCATTAAAAAAAAAAAACAAAACTGTTACTGAGTTTCAAGAGCCCCTCCTTGGCCATGAGGGAGAACTATCTGCTGTTTATTCAGTTCTGCCTTTGCCAGGGATGGTACTAGGGACTCAGCTCATTTAATCCTTCCAGCAACCTACAAGGGCAAGCACCTTCAGCAGATGAGGAAAACTTAGGTTCGAAGAAGTTAAGGAATGTCTGATGTTACCCAGATAGGAATGGTAGAATAGAGATTTGAACCCAGGTCTACTTTTATCTTTTTACATTTTTATTGAATTTTATTTTTTACTCTACTTTGAGATTGAGGAATAAATTAAGACAGGGCTCATCCTCAGTCAGAGAAGATGGTGGTGGGCAAAGAATAAGGAAGGGAGAGGCATTGAGAGCATTAATTTGTTTGTTCACTTGGTAAGCATTTAGAATGCCTGCTAGGTGGCACAATATGTGCCACAGTCTGGCTTCCCTTAAGGGGATACTGTTTTATAGTCTGACCAGGGAACAGTTTTCTGAAGTTTTAAGCATGCAAAAGAAATGAGACTGTTTATTTCCAGACGAGCCCAAGATTCTTATTTCTTTTTATCTTTAAATTCAAGTTCAAATCTTTTTTTTTTTTTTGAGATGGAATCTCGCTCTGTGACCTAGGCTGGAATGCAATGGTGCGATCTCGGCTCACTGTAACTTCCTGCCTTCCAGGTTCAAGCAATTCTCCTGCCTCAGCCTCCCAAGTAGCTGGGATTACAGGCGCCCCACCATGCCTGGCTAATTTTTTTGTATTTTTAGTACAGATGGGGTTTTACCATGTTGGCTAGGCTGGTCTCAAACCCCTGACCTCAGGTGATCCACCCGCCTCGGCCTCCCAAAGTTCTGGGATTACAGGCATGAGCCACCGTGCCCGGCCTCAAGTTCAAATCTTGAATTAGAAGACATTTGATTATTGGAAAACTGATACCTTTCAAATTACTCATTTTACAGACAAAACGCTGCTTTTTCTGTTTTGGGAGCTTATTGTTAACAGGGATAGCTAGCAGAATAGCAGTACATGGGGTGGAAGAAGGAGAGGTTTTACTTTTATTGTTTAGGCTTGACAGATAATGTTCCCCCTGCCACCTGTGTTACTTTCTTTCAGCTCTTATAAAATAAGAGCCATCCACTTCCATGGAAACAAGTCACTTTATCTTGAAGGTTTCCCTTTAGCTTGCCTGGAAGGGAGTGAGGGCCTGTTGGATGTGCCTTTAATGATTTCAAATGAATAGGATAATATTTACTTGTTTAATTCATCTTCATCACCTTAAAGGGATATTTATCATTTCTAGAAGAGGTCACCGCTCTGCCCCCCTTCTTCCCCCTCCCCCATCTCTCTTCTGCTTTTCTAAATTGTAATCATAAATAATGAGTTTCATTCACAGCTCCCTGCCAGTGAGCTGCTAATTACACAAAGTACTGCTTGTAATTTACACAGTAATAAACTGTAAATTTAAACATTACGGCACTTTAAGTTAATAATTTTTCTGCTGTAACAAATAGCTCATTTTTCACCCATCTTTTCCCTTGGCCCCCCTACCATGTCTGTCTGTGACCAGGAGGCATAGCTATAAGAAATGCAGAACATGAAGAATATAGTATATGAAAACTTCTCATTTAACTCCACTACCGCCCGGACTCTGACCTCAGAGTAATTTTTCTACAGCCAGTTCTGCTGAAATGTGTAGCCTGATGTTTAGCACGGTCCACACACATAGATGAATATAGACACAAATGTGTTTGAAGAACAGCCTTGATGTTCTTGGCATTCACGCCCGTGACTTGTGTTCTCTCAACACAACAGTTACTCAGATGTGTGTTGGTATGCTTTCCCAGGTGCCATGGTAGGTAAGCATTGTGAATGTACTCAAGTTAAATGAAGAGTGAATTGCCGTTTTCCAATTTTTTGGAAATGGTTCGTTTCTGAACTCTTTGTGGTGTTATGGGTAAGCTTTTACACTATAATCTTGAGAACCCTGAATTTAGGAATCAATTTTATACAAATTTCTATTTTTATTTCATGAGATGATGTTTGAGGGACAAAGTACAGAGTAACAATTTTTGCAAGTCACAAAATTCTCTTGATGTATTTATATTTAGTCAGCAGATATTTACATTTTACCAGTGAGGATTTGGTAATGTCCCAGGATGAAGGCTGTTGGAACTATAATCAAATCACGTAGCTCTCTAGGAAGCTTGGTGTGTTGGCCTGTTAAAAATTGGCTACTGTTGAATTTTCTAAAAAAGGATTTTTACTCCTATATACTTCAGTAGTTACAGGAGGTATAGTACTTATTAAAATACCATATATGGTGAACAGTGTCTATGATGTATTTATAAAGACTTTTGGATCACTGGAGAATAATAAATGTAGGGTAACATGTAATACTTTTAAGATGGATTCCAATAAAAAGAAGTATAGTTGCTGTTTTATTTTAAGATTGACTTTTAACATGTGCCTTTTGAGGTTGCCTTAGCTGGCACAGTTATGGGAAAGATTGATATTGTACTTTATATGTTTGTTTCTGTGGTTGGATGATACTC	1	0.8700901743093656
ENST00000585913.5	GTAAGTGCTTTCGGGAAGAGTGGCATGTGGCGCTGAGCCCTGTCCCGGGCGGCACCTGGGCGTTTCAGTGAGTCCTGCTCTCCCGCACCTATGGCCCCATGGCGGGCGCCTTTCGGTGTGTGTTGGGTGCAGGGCAGCGCCTCCCGGGAGCGCCGGGTCCCCCGCCTGGAGCCCGCGCCTGTTCTC	1	0.6658605740493864
ENST00000585913.5	GTAAGTGCTTTCGGGAAGAGTGGCATGTGGCGCTGAGCCCTGTCCCGGGCGGCACCTGGGCGTTTCAGTGAGTCCTGCTCTCCCGCACCTATGGCCCCATGGCGGGCGCCTTTCGGTGTGTGTTGGGTGCAGGGCAGCGCCTCCCGGGAGCGCCGGGTCCCCCGCCTGGAGCCCGCGCCTGTTCTCC	1	0.6715943126371184
ENST00000335312.7	GTGGGTGCCCGGGTCTGCAGTCCTACAGGTGGACGCCCCGGGTCTGCAGTCCCACAGGTGGGCGCCCGGGTCTGCAGCCCCACAGGTGGGCGCCCGGGTCTGCAGCCCCACAGGTGGGCGCCTGGGTCTGCAGTCCCACAGGTGGATGGGCGCCCCCAGGACACCCATGCACAGAGGCGCTTGCCCGTGGAAACAGCCGCACCAGCAGCTCTCGGGGCTTCCTCAACCTGGAAAGCTCTTGCTTGGCTGCCCCTTCTTGAGCCCTAAAGGGAAGGTGTTTGGTCGCCTTGAAAATCTAGAGTGAGTTGGGCGTAGTGGTCCACACCTGTAATCTAGCACTGTGGGAGGCCGAGGCGGGAGGATTGCTTGAGCCCAGGAGTTTGAGACCAGCCTGGGCAACATAGCAAGACCCCATCTCTACAAAATATCAAAAAATTAGCTGAGCGTGGTGGTGCTCCTGCAGTCCCAGCTACTTGGGAGGCCGAGGCAGGAGGATTCCTTGGGCCCAGGAGTCTGGGGCTGCAGCAGTGAGCTATGATGGCCGTACTGCACCCCAGGCTGGGTGACAGAGCAAGACCCTGTCCCAAAAAAAAAGAAAAAAGAAAATCCAAGGAGTGGGTTTGAGGCCTCACTTTGGGGCTCGAATATTTGTTTTTTGGTTTTTCATTTGTTTGTTTTAAGACAAAGTCTCGCTCTGTCACTCAGGCCGAAGAGCATTGGTGCGATCTTGGCTCACTGCAACCTCTGCCTTCTGAGTCGACCCTATTCTCCTGCCCCAGCCTCCCCAGTAGCTGGGATTACTGGCACGCGCCAGCACGCCCGGCTAATTTTTGTATTTTTAGTAGAGATGGGGTTTCACCATGTTGGCCAGGCTGGTCTTGAACTCCTGATCTCAGGTGATCTGCCTGCCTTGGCCTCCCAAAGTGCTGGGATTACAGGTGTGAGCCACCGTGCTCAGCTGGGGCTCTAGAATGTTTAAAAACAGTCACCCCCTCGGTACTATGGACATTGGGACCAGATGGTTCTCTGGGGTGGGGCCGTCCTGGGCCCTGCAGGGTACTGAGCAGAGAGCCTCCACCCACTCCCTGCCAGGAGCACCTGCCACCCTGAGTTTTGACAGCCACGACTGCTTGAGGCCATGGCCCAGTGTCCTGGGGGGTGCACAGTGGCCCCTGAGTGAGGTGGCCTGGCATGGGCTTGGCTGATGTCAGCTGC	1	0.8692480662343159
ENST00000309061.12	GTAGCGGCCCTGGACGTGTGCCTCGGTTTCCCCATCTGGGCAGGGAGGCACTGACCCAGCCGGCGATGTCTCGGTGGAGGGTCAGGGGTTTGGGCTCAAGTGTGGCCCTGGAGTCCCTGCCTTTCCTGCAGGTCGGCGTCTCCTGGTGGGGGCCTCCGGGCAGCAGGGGTGAGGGGTCTTGGGTCAGCCCACGTCCTGCCCTCCCTCC	1	0.9105634298458356
ENST00000252674.9	GTGTGTATGGAGAGCAGCTGGGGGGCACGGATGGGGCCGGGGAGGGCCTGGAGCTCAGGCCACATGGGCATTCCTCAGCGTCCACTGCCTGCACAGGCTGGGCCCTGCAGATCTGTACATGGAGGGTTTTGGTGGCCTGGGGGAGTCTATATTTAAAAGCAAAGCAGGAACAAGTCACCAGACCTCCAGTCAGGCCCGGGGGCACTGTTCCTTGTGGTGGCTGTTGGCATGCACCCCGTGCCTGGAGCCAGGCTGGTGAGGGGCTTCTGGTGAGGGCCCTGCCCATGGCCAGAACTCTCCCTGTGCTGCTGGGGACCATGGACGGACGGCGTCACCTCCTCCGCCCATCCCACCCGCTCCCCAGGGCCAGCGAGGCACTGGCTGCCTGTGGACGGCCGGGGTCTCCTGCTGCCGGAGTGTTTGGAGTGCCCTCTCCCTCTCCAGGCAGGCCACCCTGAGTAGGGGCGGCTTTTTGGGGAAAGGACATAGGCCCATTGGCTGCACCAGCCTGCCCCAGAGTGGGGAGGGCCCTGGGGACCAGGCAGCCTGCAGGACACAGTGGGAGAGCTGCCCTGAGCCCCCGGCCCCAGTCCAGACCCCAGCACCCACTCCCAGGCAAAAAGCGTTTCCACTCCTGGATTGGAACAAGAGCCTCCTTCCCCCTTGGCCTGGAATCCTTTGCAGGGGGGCTGGGGGAGAGGAGTGTGCGGGGTTGTGGAGGGAGTCTGGCCTGGAATTCAGCCGTGCAGTTGCCGAGGGGGCTGGGGGATGGGGCCCTTGAAGCCTACACTCGCTCCAAGTGTTCTTATCTGCCGGGAAGGGAGGGGGACCTACTGAAGCGGGATCATGTGACTAAGGTAATTGAGGGCTTTGTGTCCCTCTGTTGCCTTGGTAACAGGAATATAAACCAAGATGCCGTCTGTAGGGGACTGGAACCGTGTGCCTCTGGAGAAAGGGGAGGACGGTGGACTGGGAGCAGCAGAGGGGATTACCGAGGGGGTGGGCAGGCCGGCGTAGGGTGCAGGAAGAGAGATCTGTGACCCCAGGCCCAGCTTCCCAGCCAGGCTGTGGCTCCCTCGCCCTCCCTGGGCTCTCGGCAGAGCTTCTGATCTCTGTGCCCCGAGCAGAGGAGGGGTTCTCCTCCGGCTGCAGCAATGGAGGGGCCCTGCGCGCCCACTGCCGGCCAGTCCCCTGAGGCCTGCGAGCAGGGCCAGGAAGGTAGGGAGGGGTGGGGGAGCCAGGGCGTTCTAGGGGAAGCGGGTGGCTGCCGGTGTGGGGGCAGTTCTTAGAGATGGGCACAGGGACCCCCAGGTGGACGGGCGTGTGCATTTGGGGGTCACCAGTGTCAAGAAGCTCTGCGTGGCCTCATGGGCGAGGGGCCCTGGAGGCTCAGTGGAGCCCTGCCCTTGTCTC	1	0.9439643504862208
ENST00000263207.8	GTGGGCAGGGACGGTCACAGCCTCATACCAAGGGCTGGAGAGACGATCATGCAGGTCCCAGGAGGCTGGAACTGTGGGAGCAGCACAGGGGAATGGGCTTGTGGGTCTGGGGTGGCGTTCTGGGTGTGGCCCGCCTCGCAGTGACCACACTGAAGTGGGCACCGTCCTGCAGGCAGAAGGTGTGCCGTGAGGGCAGAGGCTTCCTCCCATGGACCCTTCCTGGCGGTTACCGCCCTTTTGCTCCCCTCCACTGAGGACTCCCTGTTCCTTTGCTCCCGGTGCCCTCATGCACACCAGCTGTGGCCAGTCTTTCCTGAGGGCCAGCCCTGTGCCTAGGGTGCCCTGCCCCA	1	0.9102696398179522
ENST00000445987.5	GTAAGTAAGATTTTGCATTTCTGGGTTGTTGAGATCTCTGTGAGAGGCCAGCCCTGACGCTGCCTCGGCAGAGCTTTCTGGGCAGGCCGTGGTGCCTGAGTCAGAAGGTCTGTGTCACCTCACTTGCTTCTGGGAAGTTCTTCACTGCCTTGCATTTGACTCCAGATCCCTCCATCCTCCCAGAGCCTTGGCCTCAAAAATGCTGATTCTAGCATCATGGAAATGCTGTCCTCAAAGTGGTCTAAACGGGTTGCTGCTTCACTTGCTCACTTAATCTCCCTTTTCATAGGGCTGTTGTTTTTACTTCTGGGAAGTTCTGTTTACCCTGGAACAGAAACTCTCTTCCCTAAAAGTTGATTTTATTGACCCATGGAGGCCAGAGACACTTAGGCATATTTTCCCTCCAGACTAGAAGCTTCTGAGGAGGACCTCCTGAGTCTGCACCCTGGCTCCCTGCTGTGCTGAGGGCCCCCGTGTTAACCTCACGTTGTGCCTCCTCTGATTCAGAGGGCCCAGTGTGGTTCTGTCAGCCAGGCAGTGGCCCCAGCTCTACAGAAATGAGTTGTCATTGCATCCTAGGGCCAGGGTCTTCGTGCTTGTGTGTGTTACGTGGAAGTATGTGGACACCAAGTGTTCCTGGATGGCCACAGCCTGCGAAGGAAACTGGGGCCAGCAGCTGCTCTGTGTTTTCAGCCAACAATGGCTCCTGCCCACTGCCGCTGCATAACCACCAGAGGCAGGCTTCTCTTGACACAGGCCTGTCGTTGGAGCATGTGCCTGGCGAGTCCTATTTCTATTCCCCTGTGGGTTAGGGACAGGCAGCTGTACCTTCAGTGTGTTGCTGGGTCAAAGGGAGACATTGAGCACTCCAGAGCCTGGTAGGTTTTGCTTCTTTCCACACTAACTTTTCACCAGAATGGCCAGCAAAGTGAACTTCACTGATCTCACTCTCTGTGGTGTTGGAAAGTCACTGGGATGTGTAAGAGGAGAAGGAGCAGCCCAGATGATCTGGCCCAGATGCGCTGGCAGACTCCGCATGTTCTGCTTTCAGGGACAGTGGCCTGGCTGGTGCACACAGTCCTGTGGGGCTCATGAGGTCATGGGAAGCAGCCGAGCAGGAGGCTCAGGGCCCCATGACTGCTACAGAAGTTCTCCGCTGGGCACTGGGGTCAGCTGGACTGGCTTCCAGCTGGCCGTGGACAGCCTCAGTTTCCTCATCTAGGTAACAGAGACACTGCCTCACCAGAGTGGGCTGCAAAGGGAGGCAGTGTCAAGTCTTGGCACCACTCCAGCCCCGCCGTGGGTTCCTGTAGTGTTCTATTATTTGTTTGCTCAGGGCTGAGCTGAGACTCTGGACCTGGGAAAAAGGAAAGCCAGAGTAGGCCCAGGGTCCCCAACCCCAGAGTGCTTCAGCCTTGGGGGCAGCTCCCTAAGGCCCCAGGTTGACCCTGGAGCTACTCTGCACCCTCTGCCCCCAGGTCTCTTGTGGGGTCAGCGCTGCCAAGAGTAGAAACACTTCCCCCAGTAGTGGGGAGTACTAGGAGCTCCGTGGGGATTAAGGCTTGGGCAAATGCCTACAGAACTGACCTACCCATGGAAATATGTGGTTATATAAAACTATGTTTA	1	0.9607476540105154
ENST00000357586.6	GTGAGTGAGACTGGCCAGTCGGCCTGCGCCTTCACACTCTGCTTCCCCAGTTTAGCAGCACAGGCACTCAGGCCTGGCGTGTTGTCCCCCAGCAAGACCTGAGTCTGAGGAAAACTGACAACCTTTTATCAGCTATTTATTGTACACAAGGTATTTGCTAGATGACCTCATTCCAGCCTAACGACAGTGCTGAGAGCAAATGTCCCCATTCTTCAGGTGGGAACAAGAGACAAGGAGAGCTTGAGGGACTGGTCCAGGATCTCACAGCTAGCAGAGCTGGGACTCAGACCAGTTCTGTCTCATTCCAGATCCCTGTCTGCGCCTCCTCCTCTGTTGTTCCCAGGTGGTTGGTGTGGCCTGGTGGCACCGTCCTAGGGCACTGGCATCCAGTTTTCTTCTTAGCATGGGCTGAGGGCTAGAAGCAGGCGGCCCTCTCCCTTCACTCATCCTCACGGAGGACCTGAAAGATGGACCTGCTGTGGGAATGGGAATGGGGAAGAAGTGGGGCCGTGTGGACAGCCCTGTCGGGGACAGTGAGGAGACTCAGTGCCTGTCCTGGGGGACAGCTCTGCCTGGAGGCTGGGGTCTCTTTGACCTTCCTGAGACATCCTGATGCCTC	1	0.7577203913798519
ENST00000216121.11	GTAAGTGGCAGCACCAAGACTGGGGTTGGGGGAGGCGTACCCTGCTCACCTGCCCCACCAAGGCCCCTGGTGGGCCACCTTTTCCAGGGCCATATCACAGGGAACTCTTTACCTTCTGCCCCTCATGGATCTGGGAGAAGGATCCAGCCAGGAGGTGAGGATCTCCTAGAAGGTTGTGACCCCTCCGTTGGTAGAACACCCCGCCATCAGTCCTTTCTCTCAGCATCCCGGAGGACCGTGGGTTCCACCTAGGCCCCTCCTGTGAAGTGTGGCCAAGGAATCAGCCTCAGTACCCTCTGCACCAGCCCTGGCTTCTGC	1	0.7664534782019005
ENST00000216181.10	GTGGGTGCCAGGACTTCTCCCACTCTGGGCTCTGGCTGGAGCCACCACGGCAGAGCTGGCCTTGGACCCAGCCGGCAGAAGCACAGGCCAAGTGCCAGCTGCTCCCCAGGCGCTTAGGGGAAAATGTCCAGGCACCTGGACCTGAAAGGTCCCCCTCTGGCTTCTGTGTTGGGTGTTCAGAAGTTTCTAATCTTCCCTTTTCTGGGAGACCCAAGACTCTGGACCCCAAGGGTTTGGTGGGATCCTGCTGCCACCTTCCTCTGGCCCTGCTCATGCCCTCCAGCCAGGGCCCCAGCCCTCCCCAAGGTC	1	0.7824547044792344
ENST00000216181.10	GTGGGTGCCAGGACTTCTCCCACTCTGGGCTCTGGCTGGAGCCACCACGGCAGAGCTGGCCTTGGACCCAGCCGGCAGAAGCACAGGCCAAGTGCCAGCTGCTCCCCAGGCGCTTAGGGGAAAATGTCCAGGCACCTGGACCTGAAAGGTCCCCCTCTGGCTTCTGTGTTGGGTGTTCAGAAGTTTCTAATCTTCCCTTTTCTGGGAGACCCAAGACTCTGGACCCCAAGGGTTTGGTGGGATCCTGCTGCCACCTTCCTCTGGCCCTGCTCATGCCCTCCAGCCAGGGCCCCAGCCCTC	1	0.801641589042779
ENST00000612482.4	GTGAGTGGGAGCTGAGTTGGCCCCTGGGGGAGGTGCTCTGCACTGGTTTACGAGAACACTCCCACTCACCTCATGCTGACCCTGCGGGTGGGGCCATCCGAAAGACAGAGAAACCAGGACAGCAGCCCCCTTTCAAAAAAGTTACGGCTTATTGGCCTAGGTGGACTCCTTTTTCATCCCTTTTCAGCCTCTGAGGCAAGTGTGTTTCTACCTGCACCTTTCTTAGGCTCCCAGAGTCCCAGGTCCTGCTGGCCCATAGCCTCTGTAAGCCCAGGTGCACCCCAGCTGGCCAGGGGTTCACCTGCATTTGCTCCAGCGGTTTGCGTGACTTCCCAGGCCTCTGCAGGCAGCCTTGGAGTGGGTTCCTGCCCCCTCGGGCACACAAACAGAGCTGAAGACCACCCTGGGCACCTCCTTGGCTGGCCGCATACCTCCTGGCGGGCAGCTGTGGTGCATTGTAGTTGCATTGCATGTTCTGGTGGTACCCATGCAATGTTTCCACAGTGCATCACAGAGGCCTGCCTGGCCCTCGAGAGACTGCCCTGACTGAAGGCCCTATCAGGTGGGGGAGGGGATCCTGATAGAGGGCACTGCTGCCACTGTTGGGGCCCAAGTCACAGCCATCCCAGGAAACAGGAGGGCACCCAGCTGAAAGTGGAGCATCACCTGGTCTACGGGGAACATGTCCTTAGCTCCAGAGTGGGAGGGACCGGGAGAGTCCTGGAGATTCAGATTCTCAGCCACTCCCTGGGGCTTGGTCTTAGCTGGCTAGGCTAGTACTTCAAGCTAGATATTGTCAGTGGACCTGGGCACTGGGATGAACCCAGGACAGCGTGGCAGCCCCTACAGGGACAGGCAATGTGCAGAAAAGGCCCAAACTGGCTGGACGCGGTGGCTCACACCTGTAATCCCAGCACTTTGGGAAGCTGAGGTGGGCAGATCACCTGAGGTCAGGAGTTCGAGACCAGCCTGACCAACATGGTGAAACCCCGTTTGTACTAAAAATACAAAAATAAGCCAGGTGTGGTGGCATGTATCTGTAATCCCAGCTACTCAGGAGGCTGAGGCAGAAGAATCACTTGAACCCAGGAGGTAGAGGTTGCAGTGAGTCGAGATTGCACCACTGCACTCCAGCCTGGGCAACAGAGCGAGACTCCATCTTTAAAAAAAAGCTGGTGGGGGTGCCCAAATGCCCTGGGCTGCCAAGACCAAAGGCAGATGGTGAGCCACATTTCACCTTCTCTTTTGGGCTTTCCATTAGTCTCTTCCGTATTTGTCTTCATGAGAGAACCAAACAGTACAGGCTCAGTTTGGGGAATGAGAGGCTTGCAGCCACCCTTTGGACTGGGGTTCCTTGGTAGCAGCTCTGTGGTAGGAAAGTGAGCCTAGAAGACAACGCCATGCAGCCTGATGGCCCTCGGAGGGCAGAATCCAGACATAGGCCTGCTGCCTCCATGCCCACAGGTGCTTCTGCAGCATGCACAGCTTAGAAGTGCCAGGTTTTGAGGAGAGGGATCCTTTTCCACATCCCCTTGAAGCACACAACAGCCAGAAAACAGTGTAGGCAAGGATCAAGGCCTTGTGCAGGGACAGGGCAGGGTCTTCCTCAGGCCCAGTGTCCTGGGAAGGAGGAAAGCCAGGGCTGGGTGAGATGAGGCTCAGCCTGAGGGAGTTCATCAGGACCGGAGGGCTGCTTGCGGCCCATCTCAACAAGGACTCCTCACTGCTCGGTGTCGTGCAGGTGTGCCACTGCGAGCCGGGTGGGCAGCCCAGCCCCATAGGTCGTAGGCAGAGAGTATGCATGGCCCACATGCAGTACCTTCTCATATGATACAACAGCCCTGTGATGGTGCCATTTACATTTTTTTGAATGAAGAAACTGAGGCTCAGAGAGACTAAGTCCTATGCCAGGGTCATGTAGCTAGTAAGTGGCAAAGCCGGGTCAGTAGGCCTAGTCCCCAAGCACTAAGGCACTCTGTGGTTCTGTCTTCTGAGACACCTGTCTCCCTCTCCCACTCCTCCTCCTCCTTCCCCCAGCCCCATCGACAGGCTCTGCTGCCACTTCAGGCTTTTCCTTGGTACCTTGTGGGTATCTCAGCCTCCTAGCCAGCCATGGTGGGACTCCCATGGGGTGGAAGAACCTGCGCCTTCAACCCACAAGGGTTTTATTTCTGCCCCTGCCACCTGCCTGTGCTGTATTCCCTATACAAGCTGCTGTCCCTGTCAGAGCCTTGCTTTCTCACCTGCAGAATGGGGAGGGCTTGTCTCCCACCTCCTGGGGCCATGGAAGGAACTGGTTCTCCCCTGAGCTGTTCCCTCACGTCCTGCGGAGTTCACCAGACTCTGGGGCTCTCCACTTCCTCCCAGAGCTGCTGAGTGTTGGTCTGGGGAGAGGCCTGGTAGGTGCTAGGATCCTTGCCTCAGGGATGGGCCAGTCA	1	0.9844517683720628
ENST00000354050.8	GTAGGCAGGCGCACTTCCCTGCACCTCAGTGATTGGAGGACAATCACACCTGTCCACAGGGATGTTGCGCTTAAAGTACAGTGATACCTGTAAGCCACTGAGAGCTGGGGTCTGTCTTTGTTAATGCATGCCAAAGTGCTTTGGTAAAGTCTGACTCCTCTGCATTCTCACATGTCCCAGAGGCAGGCAGGGCAGGTATTATGAGAGATGAACAAATGGGTCCAGCAATGTTAAATAACATGCCCACAGTCACACAGCAAAGATCAGAACATGGGTTTTGACAAAAACCTCAGCACAACACAGCTTTGTGACCTTGAGGCCATTTTATCTTTTTTAAAAATGTTATTATTCTTTTTTTTTTTTTTTTGAGAAGGAGTTTCGCTCTTGTTGCCCAGGCTGGAGTGCAATAGCGTGGTCTTGACTCACTGCCACCTCTGCCTCCCGGGTTTAGGCAATTCTGCCTCAGCTTCCTGAGTAGCTGGGATTACAGGTGTGCGCCACCACGCCCGGCTAATTTTTGCATTTTTAGTAGAGACAGGGTTTCACCATATTGGTCAGGCTGGTCTCAAACTCCTGACCTCAGGTGATTCACCTGCCCCGGCCTCCCAAAGTGCTGGGATTATAGGTATGAGCCACTGTGCTTGGCCTTATTTTATTGTATTTATTTATTTTTGAGACAGAGTCTCACTCTGTTGCCCAAGCTGGAGTGCAGTGGTGCAATCATAGCTCACTGCAGCCTTGACCTCCTGGGCTCAAGTGATCGTCCAGCCTCAGCCTCCCGAGTAACTGGGACTGCATGCATGCACTACCATGCCTGACTATTTTATTTTTTGTAGAGATGGGGTCTCACTTTGTTGTCCAGGCTGGTCTCCAATTCTCGGGCTCAAGTGATCGTCCCACCTTAGCCTCCCAAAGTGCTAGGATTACAGGCGTGAGCCACCGCACCCAGCCCATTTTGTCTTTCTAGGCCTCATTTTCTCCATGTGTTTAATACAGGCAAAAGTAGCATCTGCCTTCTAGGGCTGTGCTATCCAATATGGTAGATACTAGCCACATGTGACTATTTACATTTAAATTAATTATAATTAAATAGTTTTTCAGTTGCACTAAGCCACATTTCATTAGCCACATGTGGCTAGTGACTACCATAGTAGACGGTGCAGATACAAAACGTTTCACAGAAAATCTGACTGGACAGTGCTGTTCTAAGGTTAAAGGAGATAATGTAGGTTAGGACCCTAGGTTCTAGAGGCAGCTTCTGACACTTTCCAGCTGTGTGACTTCAGGCAAATTACTTAACCTTGCAGGGCCTCATTTTCCTCATCTATAAATTAGTGCAAATCCTAATAGTGCCCACTCCTTGGGCTTGTTTTGAGGACTAAACCAGTTGGTACTGTATTTTAAAACAGTTTACTAATATTAACTTTTTAAACACGTTGGCTGGGTGCAGTGGCTCACACCTGTAATCTCAACACTTTGGGAGACCAAGGCGGGTAGATCGCTTGAGGCCAGGAGTTCGATACCAGCCTGAGCTACAAAGTGAGATCCTGTCTCTACAAAAAAATTTAAAAGTTAGTTGGTCATAGTGATGCACGCCTGTGGTCCCAGCTACTTGGAAGCCTGAGGTGGGAGGCTGACTTGAGCCCTGGAGGTCAAAGCCACAGTGAGTAAAATTACACCACTGCCCTCCAGCCTGGGCAACACAGTGAGACGCTGTCTCAAAAATAAATAAAAATAAAAAAAGAAAATAAATATGCTTAGTGTCTGACAGGAACTAAGCAATGTGAAGTTTTGTTACATAAAATAAATAACACCTGCAAAGCTACCAGCAGAAGTCTGGCACATTAGAAGTGCTCAATAAAGGCCGGGCGTGGTGGCTCACGCCTGTAATCCCAGCACTTTGGGAGGCCGAGACGGGCGGATCACAAGGTCAGGAAATCCGAGACCATCCTGGCTAACACGGTGAAACCCCGTCTCTACTAAAAACACAAAAAATTAGCTGGGCTTGGTGGCGGGCACCTATAGTCCCAGTTACTCGGGAGGCTGAGCCAGGAGAATGGCGTGAACCCGGGAGACGGAGCAGTGAGCCGAGATCGCGCCACTGCACTCCAGCGTGGGCGACACAGCGAGACTCTGTCTCAAAAAAAAAAAAAAAAAAAAAAAAAAAAGAGGTGCTCAATAAATAAAAAGTAGCAGTCTTGGAGAAAAGGAGACCCAAGTGGCAGCAATGACTGCCCCGAGGATACCTGGAAAGTTGTAGCACTTGGAAAGGTGCCTAGGTGGGCATCTGAGCCTGCAACTCAGACACCTCTGGCAGGTAGGCCTGGGTGGCCTGAGGAAGGGGAGCTTCCAGGCTTCCTGC	1	0.9026016736163512
ENST00000489841.5	GTGAGTGGTTAGAGAACAATGGCAAACAAAGGGCGAGGCGTTTAAGCTTCTGTAGAGAGGCTGCTCAGATACTGATGTTTTCTGAGCAGGCAGAAAGGAGGGGCACTTCTGCCTGGTGTTCTCTGTGCTCTCCTTTCCCCATCCTGTTGC	1	0.7665425479124183
ENST00000489841.5	GTGAGTGGTTAGAGAACAATGGCAAACAAAGGGCGAGGCGTTTAAGCTTCTGTAGAGAGGCTGCTCAGATACTGATGTTTTCTGAGCAGGCAGAAAGGAGGGGCACTTCTGCCTGGTGTTCTCTGTGCTCTCCTTTCCCCATCC	1	0.8039514647720585
ENST00000409500.7	GTGAGTGTGGGGCTCTGGGAATCCTCTGGGAGGACCTTGGATGACTTTCTGACCTTCCCCAGGCACGTTTTCAGGGTCATGATCCTGCCCCCGCCCGGGGGATCTACTGTCCTCCCAGTCACACCCCTCTCCCCGCACCGCCTTC	1	0.6537998321797344
ENST00000378052.5	GTAAGTGAGCTGTGCCCTGGCTATAAAATCTGGCAGCGTTGAGCGACTGGACAGCTGTTAGATATGGGTGGCTTGGAATGTTCTCCATTCATTCATTTATTTAACAAAAAATGTGCCTACCCTGTGTCAAGCCTGGAGCAGGAAGAGGAGCAGTAACTATTCCCTGATCTTTAGATAGGCCTTAGAGGTGGGCACAGATTGGTGAGGTCGCCCAGTCCTTGAAGGACACCCACCTGAGGGCACTGTAGGATCTGTATTTGGCTGCTGTAACAGAGACTGAAGAAAACAAAACCAAAACCGCAGCTTCCACACGGCAGGGGGTGGTCTCCCTCCCGACAGAGCTTGTTTGGCAGCTCACAGGCCCAGGCTCCTTCCAGCCTACCGCTCCACCATTCCTGGGGCCAGGCCTTGTTGCTGTGGTTCGAGATGGCCCGCGACCATGCCCACGGCCCTGTTGAAGGAAGCAAGGGGATGGGCTGGGGGTTGGGGTGCCCTTTCCCTTTTCCTTTAGTTGATGCCTTTCCCTTTAAGCAAACACATTGGTTTCTTGTACATTTAGTACTTACTGTGCACTTTATAAACATTGACCCATTTAAGCTTATTCCAACTCTCAGTTTCCTCAGATCATAGATGAAGAAACTGAGGCACAGAGAGGCCGAATCCACTGTCAAAGGTCCTGTAGCTGGAGGAGGCAGCGCCCCTCACATCCATTAGTCAGACCAGCCACAGGGCACACCTACTTGCAGGGAGGCCCAGCAACAAGGTCTGGAGTCTAGGAGGCCACATGGCCAGCAAGACACCAAGTGCTCTGTTAGTGTTGAAGCGGGGTGGATGGCATTGGAAGATGGCTGGTCATCCCCGTCACAGCTCACAGCCCGTCATTCACAGACCAAGCTCCCCTGGCTTGACTCACTGCCATGTCACACGTCCCCAGGATGTGCTGTGCCTTTGCTGGGACCTACAGTTCTGTTGGGAGTCTCTTTGGTGTCATGGTCCCAACTGAGGCTGTGAGAGGAAAGATGTCCTATGACACCTGCTGC	1	0.7576365954246124
ENST00000379933.7	GTAGGAGAAAGAGTGAACTAGACCTTGTTCATTCCTGTTTCTCCTGGCATGTGACAATGTTCTTAAGTCCCGTTACTCCACACCGGGCTCCAGTGATTGAACTTGGGCACAACAACATTAGGGAGGCAGTTAAGAAAGTATCGGTGTGGGGAAAAAGTTGGCTGAGAGTTGTCAGAGGGTGGCTGTATCCACAGGGTGTTCACATGGTTCACTGTGCCTTCTTTCTCTCAGCAAAGCCCCTTGAGTAGTCACCAGTGAGCCCCTGAACACTGGGGAGTCTGCTATCATGGGTGTTCTTGGACAACAGATAGATTTTCTTCGCAAAAGATGTTGCAACTCAAATGACTATTAGCAATGCATGAATATGTGGCCCAAACAGGGACAGCCCACGTGTTGGATACCCCTGGCACAGCACTGGTCCATCATAGGCACTCCGAAGTGTTTGAACTGAGCTGGACCTGATAGCACAGAAACCTGAGAAGCCATTTTGGGGTCAGAGAAAGTTCTACTTAGTGCAGGACACTTGGCCAAAAATGGAACCTGATATGTTTCAATAAAAAAGTGACAGGTGATTGCTCTGCCATCCAGCTTCAATTGTAGGGGCTTCGCAGCTCCAGTGTTTCTGATCCTCAGCCTTGCCAGGCAGAAAACACGGGTAGTGACAGGACTTCCCACAAGAATTCAGGGGACTCATCTTTCTTTCTTTACCTTCTCTGATAACTCATCAGGCAACCGTTAGTTCTGTATTCTTGATGAGTTGATAGATTTGGAAGTTATTCCTAGAGAATTGCCACTTTAAAACTGTTAACTGCCAGAGATTTTAAGCATTGGAAAGAACAAAGAACTACTTAGGAACCCCTGTTGTCGTTGAGAGACTTGAAAGTAGCCCATCCTGGAAGTCACACACAGCTGCAGGGTCACGAGCACACAGCAGGGCCATACACGCGTGCAGCTTTGGGTTTTAGAAGACAGCTTGGGAATGCAGGAATTTGGGCATCTGTTTGCCTGAATCCCTGATATATGGACCAGATTTCCTTCTTGAAGACACATGTTTAGCTGTGACTTAGGAATGGGAAAGTCTGAGCAAGCTGAAGACTTATGTTATAGGGAAAATCCAAATTGTACAGTAACTTGATGCCAGGTCAAATATGATTATCCTTAATCACATTAGCCTGACATTTTTCCATTGGTGAGGGAAAAAGGAACTTACGAAGAATTTAAACTGCTGAACAATTGAAGTGCTATAAAATGTCTTTACGGAACTCCCCAGTCTCAAGAAATTGCCTGATCATTGGGTTGGGCACAGACTGGTTGTCAGGCCTAGACCCCACTCCTCCCTCTGCTCATACAGGACCTCAGCCAGCTACATCTGAACCTGTTTTCTCATCCTTCAAATTGAAGGAGGGCAGGACCAGATAATCCTTGTGTTCCTAAAACCTTATTTTTATTTATTTATTTATTTTTGGGTTTTTTTGAGAAAAGTTTTGCTTTGTCACCCAGGCTGGAGTACACTGGCGCAATCTTGGCTCACTGCAACCTCTGCCTCCTGGGTTCAAGTGATTCTCCTGCCTCAGCCTCCCGAGTAGCTGGGATTACAGGTGTGTACCACCACACCTGGCTAATTTTTTGTGTTTTTGGTAGAGATGGGGTTTCACCATTTTGGCCAGGCTTGTCTCAAACTCCTGACCTCTGGTGATCTGCCCCATCTTGGCCTCCTAAAGTGCTGGGATTATAGGCATGAACCACCATGCTCAGCCCCAAAGCCTGCCTCTTAACAGTTGTTTTATTCTGTCTACCAGGAAAAGGCATATGGCCCCTCCCTGTGTAGGCCCTCTAGTTCTGAGAGATTTGGGAAACTTCACAGGTTCAGGAATGTTCACAGCATCCCCAGGATGTGGGCTTGTGGTGGGTGGCAAATACTGAAATAGTTCTCTAGATCAAGGACCTGAGTGAGCAGAGATGACATTACCAGCTGAACCTCCCAAAGAGAATCATGAGCAGAGGCAGAAACAGCACAGGGGACCCCAGCTCCTGCTCACGTTCCTACCCAGCAGCCTTCAGAGCCAGTGCTGCAGTGAATACAGGCTGTCTCTGAGCCCGTCTGTATACTTCATCTCACTTCATATTTTATTCTGTGATCAGATACCACCTTAGAAACTATTATTTACCCCCTTCTAGATAATTCTGTTCTGCAGGAAAAATAATGTGGCTCCCACAAGAGATTTCTGAGCAGTCCAAGCCTGCATAGCATGGTGTGTGGCAGCGATAGAGGCAGATCAGGTGTCTCCTTCTGAAATGCTGACCTGGGTGAGGGACGAGGTTCTCCTGGAGCAATCCTCTGAACAAGGACCTGCTCCAGGGAGAGGCCAGGCTTCCTCTGCACAGAGGTTGGAGATGGGCATTGCACTGGACGCTCGTCATTTTTTTCATAGTTGGGATGGGTAGGATTTGGTGGGTGATTAATCCACAGTGATGGTAGGGCTGGTGCTGTAGACAGGCTGTGAAGTTGAACCCTCAGTCCTGCACGTCCAGCTAGCCGACCTAGAGGATTTTCCTCACCTGTTTACTAATAATGCCCTGTGTTTGGTGAGGGGTTGGCTTAACAATTTTGTAACCTGACAGGGACTTGGCCCCTCTGGGCAGGCTCTCACTTCGCTGGCCCCACAGCTGTGGCTGAGGGGTGGCCCGTAAGAAGAGAGTTGCCAGGCATCCTTTGTGGGGGCACACAGGCCACCCCTGCCCTGTGCCTCTATCTATAATTGTTGCTAGATGGGGTGGGGCTGGCATCTGGAAACCAAAAAGAGTTGATTACAGAACATGGTTAATGTCCCTTTGCTCCTCTCTGCTCTGCCGATCCCCATAATAGGCTGCTATCATAGGAGGCCTGGGGCAGCCTGCGCCAGCGGGGCCTAGCCAGGCGGTGAACTGGGACAGTAGCTAGTGGGAGAGACAGCTTGTTAACCCAGAACTAAAATAGACACCAGCTCCATTTCAAATCCCAGAGGCAGCAGAACCACAGTGGGATGCTACCCGCTTAGACTGAAGGTTTGTAACTCAAAACAGCTGTTGCCTTCTCACTCTCCTGCACTTATCCCCCTTCTCCACTCCCCACCAACACTGGCAAGGTGCCCATTGTTCCTTAATAAAAAGTGTTGGAAATCCAAACTCATATAAATCTCAACTCCATTTCCCTCCACTCCACTGTGTTTCAAATGAATGAAGTGTTGTCGTAGAACAAAAGGAAGACACAAAGCTGCCTGTAGAGATGCCAGCTCTTAGGATCAGGTGTTAGCTTCACCCTGACATGACCAATGGTCAGTCATCCCCCTTCCCCCAGGGCTCCCCAGATGAGGGAGAGAAGGCAGAGGAGGAAGCGGAGTCAGGCTATGGCGAGCTGGCGTTTGGAATCGGAGGTGAGGGACGGAGTGTTCAAGAGAGCAGGCGGCTACACAGAGGACATCCTTTGTGTGAGGATGTTGCTGGGCATTGAATGTCCATCAGAATAGAACTGAGCAACTGGCCATACCCTGCTGTGAATGAAGTCAGCTGGGAGAAGCATCCAGGTCAGCCCGGCCAGCAAGAGAATCTGGGCCACGCACGTCCTTGGAATTTTCTAGTAGCCGTTTTTTATTTCATTTCATTTCATTTTGAGGATCTCGTTCTGTCACCCAGGCTGGTGTCCAGTGACATGATTATGACTCACTGCACCTTGACCTCCCAGGCTTTTAAGTGACCCTTCCACCTCAGCCTCCCAAGTAGCTGGAACCACAGGCATGTGCCGTCACATGCAGCTAATTTTTTTGTATATTTTGCAGAGACAGAGTCTCCCTTTGTTGCCCAGGCTGGTCTTGAACTCCTGGGCTCAAGTGATCTGCCCACCTTAGCCTCCCAAAGTGCTGGGATTGTAGGCGTGAGCCACCCTGCCTGGCCCTAGTAGTCATGTTTTAAAAAGTAAAAAGAAAGAGACAAAATGAATAATGCTTCATCGAGTATACCAGTATCATCAAAATATAATGTCAACACATAATCAATAGAAAAATGGTGAGTGATGTGGTTCACATTCTTGCTTCCATGTACTGACTCTTTGAAATCTGGTGTGTGTGACGTGACCCCAGCCCGTCTTGGCTGCACCACACCAGCCACATTTCAGGTGCTTAACAGCCCACAGAGAGGTTTCAGATGAGCCACCTACGGCAGGGAGGGCTGCAGCTTTGACGCGGAGCCATGTCTTGTGTGTGAAGAAGGCCCAAGGGCGGCAGCTGGATGGTCACCCTGTTGGCACAGCCACTGCTGAGGGTGAAACTCGGCCAAAGTTATTGTGTAATCTTAGATGGCCCCCTGATGAAAGGAGTTCGGGTAATAAGTAACGTTAACATCATTTCAGTTAAAATGTACCCAGCAAATGATTGAGTTTGTACTGTGTGCCAGGCACTTGCCCAGGCTTGAAGGAAAGAGTGATGTTTGAGACAGGGTACGGGCTAGGCACAAAACAAGCTGGTTGGTTATAAAACAAAGTTCAGGGGTGAGTTCAGGGCCCAGGAGGGCACATTTCCCTCAGATTCCAGGCAGGCAGAGGGATCTGGTGGATGCAAAACTTCTCCTTGGGATTTTACATCAGAGGCTGTGGTGCTTCACTTAATTTCCTCTGGGTCAGGGCCCAACCGGGTCTGGTACTTCATTGACCCTGGTCATCTCTGAGTTCAAGGTGATGACATTAAATCTCTGTTGGGAATTGGTACATAGGGAGCCCAAGGGGGCTCTGACAGGAACCTCGGCTCCATGAGTAGTGAGGGCAGCTGAGACCACCCCCTTCCTGTATCTTAGTAGTGGGGCCACCAAAGGGAAATGCCTTCTTTTTCCTGCATTCTCCACTGTTCCAAGGAATGTTTATCTCCCTTCACCACACGCCTACCACCTACAGAGACCCCAAGACTCCTCATGTACCCGGGATTGATCCCACCCTTGTCAAATGTCATCCTAAAAACAGGGAAAAGATAAAATATTTGTCAGCATCTTCTGTTGAAGAGTCTGTGAGTCTGAGGCTTGGGCAGGCAGAAACAGATTTTAAACACTTCCGGGGGCTATGAACAGAGGTCCCTCAAGGAGGGGAAGACTGCCCCCACCCCTCACCTGACAGGTACAGAAGCCTTGGTCAGGACTACCCTGTCCCCCACCCAAGGCCCAGAGCAAGGAGTGGCCCACCCAGCTTCGGTAGCCACTACACACCCTTTGTGAAGTCCCTCAGACTCTGCCCAGTGCTTCACGCCACGCTGGTTTGGTTGAACAGTCAGAGCGGGGCATTGGGTTGCTGTGTGCAGCCTGGGCGGGTTCCTGGGTCATGGGGAGGGACGGCTGCCTGGCCAGGGCCCTGTCACAGGGCCATCACTGTTGCTCGCAGCAACTGGGAGAGATTAGTGCAGCTGTCGGATGTCAGTTCTCTGCCCCGAGATGGGCAGGGGAGGGTGGGCTGAGGAGAGAAGAATGTGTGAGTTGGTTGGGACTCTAGAGGAGAGGTTGTTTGCACTTACTCCTTCTGGCCTCTGGAGACAGAACAGGAAAAATGAAGCATGAAATCCCTTTTGAGAAGGAATGCCAGTCTCTCCATTAAAACACAATAATGAGGAAGGAATTCAGTATCTGAAGGAAATGGTCAAGCTGAGTGGCAGCTTCTCGGCAGGTATTTCGCAGGTTCTTCTGATGAGGGTTGCAGGGAGCAGGGAGTGTCAGCATTAGGAAATGCTCCCAGCTGAGCCAGCGTCCAGGCATTAAGGATGTGTGGGTCACATAAGGAGCCAGGGCATCTGCAAATAGCTGTCCTCTGAACGCACAGCCTGGCAGAGTGGAACGAAGCCAGCCGGCTCCGTCCCAGCCTGCCGCCTGGCAGCTCTGTGACCTCGGGCAAGTGCTGACTTGGTTTCCCTATCTGGAAAATAGATTTGAAGGCTGTTGTGAGGATGAAGGGAGATAATCCACAATCCTCAGAGTGTAACAAATACTAAATGAAATTTTTCTTCTGATACTATTATTTAGAATGTATTTTTTATATAAAATTTTATATAAAATTAAAATTTTTAGATATTTTAAACCTTCCAACATTTACAGTTATAGGTGTTGTGGCACTCTATGGCTATCCCATTCCAATGGAATTGAAAAGGAGTCAACTTCCAGGTGCGATTCACTTGGCAGAGAACATGAAAGCAATTTGTCCTTTACTCTTATAAACAGCTGTTTTTATCTAGTTTTCGCTTTTGTAAAGATTGGGAAATGGAGTGGCTCTTTAAATTTGGTTTGAGTCTTGCTTCCCACGTTTCTTAATCCCACTGTGTGAAAAGCAGATATTTAGAAACGTGAAGGAACTCGACACCTTTATGTAACAGAACAACACATCACTTTCTTTAGATTGTTGGGGGAACCCTAGGGTTCTAAGGAAGTGAGTTTCCTGATGTTTGAAATTTGCCAATGCAGCCTTTCAAAAATATGCTTAGCATAGTTTAAAAAAAAGAAAATTCACCCTTCTTGCTGATTGTGAGGAGGTCAGATATCTGTCCCTCAGCTGTCACAATGGTAGACTTGATGGAGTTACATGACAGAGAAGAGAGCCCAAGGAAGCACCTGAGTGGTTTCTCATCTCTGGGCCACTCTGTTAAGGCCTGTTTGTTGACTTTGGGATTTTCATCTTATTCTGGAGAGTTAAGGTCGCCAGATGAATAAAATACTACTGTTAGTGAGCACTGGGGGAGCTAATCCCAAAACTGTTTAGCCACAAGGTTAAGAAGTTAAAAAAAAAAAAGAGACTTTTGGTGTCCTTGTTTTCCATTTCTGTAAATCACATTGCTGATAAATTTGCCTTTGGGCATGCACCCTGCCCATTTTAGGTACTAGGCTCAGTTACTGGCTACAGATTGCAGATTCCCTTTTCAGGGCTGATGCTTTTAACAGTGATAGTTATTCCTGATAAGTACCTTAACTCTGCTGTGAGGTATCAAAACTGCTGGATCTATTTTTGGCTGCCTCTTTACCATTACTCCCTCTAGAGAATGTCCATACCATAACAACATATTTACATATTTATCACACTGCATTTCTATCCCAGCTCAGAATTGTGCAACTTTCTTTAAAAAAAAAAAAAAAAAAAAAAGGATATCCTGTCTTCTTCCAAGGACATTTGCTGTCAGAAGAACAGATATCTGTGCCCTGCCTAAATAGGCAGACTGTGTAGCACAGACAGCCATTAATTCAATGCTTTTTAAAATTTTAGGGCCTCACGGTGGCTCATGTCTGTAATCTCAGTACTTTGGGAGGCCGAAGCAAGGGGATCGCTTGAGGTGAGGAGTTGGAGACCCGTCTGGCCAACACGGCGAAACTCCATCTCTACTAAAATACAAAAAAAAAAAAAAAAAAAAAAAAAAAAAAAGCCAGGCACGGTGTCTCAGGCCTGTAATCCCAGCTACTGGGGAGGCTGAGGCATGAGAATCGCATGAATCCGGGAAGTAGAGGTTGCAGTGAGCTGAGATCGCACCACTGCACTCCCTCCTGGCTGACCGAGTGAGACGCTGTTTCTAAAATAATAAAAATAAAATAAAATTTTAATTTACTTTTGTTTTCTTAAGACTTAGTGAATCTGAGTGTGAATAAGAACATTATTTGTTGTATTAAAGTCCCTTGAGGATTGAAAGGACAAAACCCCAGCTAGCAACTGAGTGTATTTTCTTGACCTGTTGGAGCTGGTTGGTCCCACCCCTCGCCCTATGTACCTCCTGCCTTTGGTGACTCAGGCACGTGGTCAGGCAGTGGCTGGCGGGTTGGGTCTCTGTGACTTCAGGACAGCGTGGAGTTCACCAGCTCGTGTGGGAGTCAGACTTCTCTGACCATGTTAGCGCTGTGCCCTTTCCAGCCCAGCAAGGGTCAGAGCCAGTATGCTGTGGGATTTGGCTTGTCTGTTTGATTTTTGGAAAAGGGACAGTAAGGGCTGTGACAGTGCCTGTGTAGTCACTGACAACCACAGGCACTTCTCTAAGCACATATCAGAGACTCTCTGTGATCGTGGTTCCCGGCCCCTGGTGTTGGCAGCCACCTTCCTGCCATCTGTGCCTTTACATACCAGGGGCCATGTAGAAAGAGCTTACCTTATGACCTGGGAGTCGTCTTCCTCCACTGGGACCCCCAGCCCTTCTCTCTACTTCACCCTACCCAGTGCCGCCAGGGACATTACAGTTGATACTAAGGGAGGAAGGAAGGGATGGAGGATAAGTGCAGGCAGCTGCTTCACCTCTGCTGTTCCAGGGAGCCCCAATTCCACACACCCCAACACCACAGCCCCCTCCTACCATCTACCCTGAGAACTGCTAGAGCCCCTCCACCCCATAATAGGAACCTCCACAGTGGAGCAGCCCCACTGGAGGCAGGACCCACAGTTCAGCGACTGGCGTGTCATACAGGGGGTGGGGAATGGTCCAATCTACTCCAGCACTCTAAAGTTTCTTATCCTCTTACAGAAACACTGGCCAACGTGTGCTAGAATGCAGGTGTTTTCTGGGTGAAACAGGCTCTTGTGCACTGTCTTGGTACAGAAACACTTATTTCTGTGAGCAGTGATTTGGAGTTCACATATGCTAAGCAGCTCCTGTAAGTTGAGGTCAGGCTGAATGTCCATTTTGGATTCCGTGTGTAATCTAACCTTAATCTGTCATTTGGAGATTTTTCCACTGATGATTTTTTTTTTCTTCCTAAAAGTAATGTAGTGTGATTTTAAAAGAAAAAGAAAGTTTTGTTTTTGAAAGGGTCAGTGGGGTTTTGTTAATTTTCTTTAAATTCTACAAAGAGATACACTTCCCCCAAATACATTTACTTTACTGACAGCAAAGTTAGTTTCCATTTGGAAAAGTTATCCTGTTTCCAACATCGAGTTATCTCTGTTGCCAGAAAATCAAAAGGCAGCCAATCCGATTTGTAAACCTTTCCTCTGGCACATTGTCAAGATCTCTTGCAAAACGAAATTGTCCTACAGCCCTCCCCTCTCCTGTGGCTCTAAGTGCAGTTCTGCCCCATCTAAATATTAATATTTTGCAATCGTGCTCTTTATGAGCCCCTGGCAGAGTGGAGATACGCCACAGACGGGTTGAGGAGAGAGTCGTGGGGACCACCTGGCCAGTGGCTGTGGTCTTAATGGAGATTGACAAGCCCAAAGGAGGTTTGCAAATACCCTGATGCCTGCAGCCGGCTTTGCATCCAGCAGCTCCCTCCACAGATTTACAGTGGCCTCTATTGTCCTTGAAGAGCTGCTTAGAAACAAGGTTGCAAAGCTTTCTCCTTGGGGCCTTGGGAAGGCTGGATGAACCCTCGCGTCTCCACCTGATAGGGCTGATCCAAGTGTTTCTGGGTGGTGGTTTTCCACACTGGTTTTATTTAAGGTCTATCAACAGGTGCTGAGTGTGAGGCAGGGAGGCAAGTGTTTTTCTTTTTTTTTTTTTGAGACGGAGTCTCGCTCTGTCGCCCAGGCCGGACTGCGGACTGCAGTGGCGCAATCTCGGCTCACTGCAAGCTCCGCTTCCCGGGTTCACGCCATTCTCCTGCCTCAGCCTCCCGAGTAGCTGGGACTACAGGCGCCCGCCACTGCGCCCGGCTAATTTTTTGTATTTTTTTTTAGTAGAGACGGGGTTTCACCTTGTTAGCCAGGATGGTCTCGATCTCCTGACCTCATGATCCACCCGCCTCGGCCTCCCAAAGTGCTGGGATTACAGGCGTGAGCCACCGCGCCCGGCCGCAAGTGTTTTTCTGTGGGTGTTTCTTCCTTTTAACCAGCTGCACCACATGCTTCTGGTTTCAAAGCAGAAATTTCTTCTCTGCCACTTTCATGTTTTATGTCTTTTGACTTATAGGAGTGCCTTAGTTGAAATTCCATGAAAAGGGTGTGAAGTGTGGATCACCTTGCTTAGACTCTGTTAGGAGGTTGAGTGCTTGTGCAGGCTGGGAGAGCATGCACTTCTTTTCAGGAGGCAGGTGAAGGGAGCAGGTGGGATGAGGCAGAAGACTGGCCAGAAAGAACACTTTTCTCCCCATGAGTTTTGCAGTTAGACAGAAGTAGTAAGGACGATTGTGAAGTTCTTGAAAGTGAGAAGAGAGAACATGTTCCTTTGAAATTAAAACTCAGGTTTTCCTGATTTTTCACGTTAGCTAAAACGTGCCAGGAAACGGGCTTTTCCTGATTTCTTTTTTTCCCTAGTACAATAACATAATGACTAAATTTGGAAAAGTACTTTGCAGTTTTCAAAGCACTTTGTTATTCACAGTAACTGCAGAGATCCCCCCGTTTTAGATGAGAAGGGAAACTGAGGTGTGAAGAAGGAAAGGAACAGGAGAGAAGTGACAAAGATGAGTAAAGTATTGGTAATTTCTTTTCTCTGGGAGTTCTAACATTCTAACAGGCTTGTAGTTTAAGACGTTTCTAGATAGCAGATTCTCACACCTAACTCACTATATTTTCCAAACTTATCTAACTATAAGAATCCGCTGGTGTGCTTGTTCATATACAGATTCTTAGGCCCATCTTCTAGTTATTCTGATTTCAGTTGGTCTGGGGTGATCTAGGAGTCTGCTTTTTTTAACAAGGTCATGTGGGGATTCTTATCTCTTGGCATGTTTGGGAAATTTTACATAGCCGGCAGCTGAAGTGCACATGGAAATAAGTTGTCCAAGGTCACGCAATCTGAACTCCCTGATCCCCACCTGGTGTCTCTGGTCCCTGAGCCCACATCCCCCTACCACCCACTGTTCCACAGCTGCCTTCCCAGGGACACAGAGTTTGTGATCAATACTGAATAATTCTGCCACGTCTTTATTGTCATGCCTTCATCACCTACTACGTATGAAGGTGTCCAGAAACAGGAGGGATTTAAGGGTGAGGGAGAGAATGAAGAAGACAGACACAGGCATAAGAGACAAAAAGAAACCTCAATGTTATTAAAAATTCAAGCCAGGTGTAGGGGTGCACACCTGTAGCCCTAGTTACTAGGGAGGCTGAGACGGGAGGATTGCTTGAGCCCAAGAGTTCAAGGCCAGTCTGGGCAACATAGCGAGCCTGCCTCAAAAAAGAAAAAAAAATCACTACAACCATAGAGGTGCAGTAAATTCTAAATCTAATTGCCATATTAAGAGGCATTCATTCTCCATTCCCTTCATAAAACCTACTTATTAATGCCAGTCACACTAAATATTCATAACCAATAGGCTGTGCACTAGTACAGAAGTCTCAAAAGTGGAGAGTAGCCAAGCACAGTGGCTCACACCTGTAATCCCAACACTTTGGGAGGCCAATTCAGGAGCATTGCTTGAGCCCAGGAGTTCGAGACCAGCCTAGGCAACATGGTGACACCATGTCTCTACAAAAAATTTTAAAAATTAGCCAGGCATAGTGGCACATGCCTATAGTCCCAGCTATGAAGGGAGGCTGAGGTGGGAGGATCACTTGCGCCCAGGAGTTCAAGGCTGCAATGAGCTATGATCATGCCACTGCACTGCAGCCTGGGCGACAGAGCAAGACTCTCTTTTTAAAAAAAAAAAAAAAAAAAAAAGGCCGGGCACGATGGCTCACGCCTGTAATCCCAGCAGTTTGGGAGGCCGAGGCGGGCAGATCAGCTGAGGTCAGGAGTTCAAGGCCAGCCTGGCCAACATGGAGAAACCCCGTCTCTACTAAAACACAAAAATTAGCTGGGCGTGGTGGCGCATGCCTGTAATCCTAGCTACTCAGGAGGCTGAAGCGGGAGAATCACTTGAACCGGGGAAGCAGAGGTTGCGGTGAACCAAGATTGCGCCATTGCACTCCAGCCTGGGCAACAAAACAAAACTCTTGTCTCAAAAAAAAAAAAAAGGTGAAGAGTATTCAGGAAGATCTCTAGGATACAAGGAAAAAAATATATTTTTTATCTCACCCTTTTAAAATGTCTATTTGGTAATGTGCCTGGCACATTACATATATGCAAATACATATGTACATAAATACATATACTACCTACGTACACACATACACATTCTCAGCTAAACAACAAACACATGTGGAGCACATACGAAAACTTTTTTATAGAAGCGGTACACATTTCAGAAAGTTTGCAGCCACCTCTCAGTCCTACCTGCCTGCCTTTTGCAGTTGACTTGTATGCTACGAAAAGTCTCTTCCCAACCTGTTTATGTCTGTAATACTTGTAATAATTTCTTATAATTTAATTAAATTTTATATAAGCTGATGGAATGTTGTTTTAATAAAAGAAAAGAATAGTCTCTGTGGAAACTTATGTTGGAAAGGCTTAGTTACAGTGCAGATTGGACAGAATATTTTTTTTTTAGTTGCTGTCAAATTTAGGCTAGGTAAGATACCTGTGCACAGTTGAATGCCATAATCGTAAAAATCTAGGATTCTGCTTTAGTTTGGCTTGCAAAATTCTGGTATAATAAACTCGATGTACCCTTATCCAGTTTCAGGGATTATCAACTCACAGCCAATTTTGTTTTCTCTCTTCCCCAACCCAGGTAATTTCAAAACAAATCCCAGATATCCTATGTTTTATTTATAAATATTGCATTATATATCTTTTTTTAAAAGGAACCTTTTTAAAAAGCATAGCCAAAATATTATCATAACTAAAAAATTCAGTCACTTGTGAATATATCAAATATCTCTGATCAGAGTTAGATTTTCCCAATTCAGACATATCTCTTATCCTTTCAGTCCAATATAGATCTTTCAGCCAAGTGGTGGCGAGGTGATGGATTGGCGACCATGGGGAGGGTGCAATTGAACTTGAGCATGGGGGAAATGAAGTGGGGGTGGGAGAAGGAAGGAGCTCTATCTCCAGGACAGAGGCTGTTGTTGCCTCCAAGGGTCACTGTCCTCTCTGTGTGCACAGCTCAGAGCTTGAACGTATTTCAGCCAGAAAGAACCTCACCCAGAGGGGCTGTGTCCATTCTGCTTCCCCGCAGGATCTGTCTCATGGCCTGTGATTTAGACCGCTGGGTACTTTGACATCTGGGCCCGCAGTGTGAGGACTTCCAGCCCCTAAAGGTGTTCTTCATTATCCAGATCTGTCCCTTCCCTGGGCCTTGACCACAGTGGTGAGCTCAGCAGAATTCCCTCAAAAGGAACTCTGTGTTTTGAGTGGCTCATGGGAACCCGGGTTTGGGGTTCCAAAGGTAGCTGAGCAGTGACAGGAGAGTGCTCAGGAGAGGCCCTTCCTGAACAGGGGAGCCAGGGGAGGAGCATGCACAGCAGGACCGGGTTCTGCTGTGCCCGCTACAGCGCGATAAGGCAAGCAGGGCGGCACATACTGGCACTTCTTCCTTTCAGTGCTTCCTGAAAGTGAGCACAGCTGCTTCGTGGCTGACTTCGTTATCTCTTTATTTCCAGAGAAGACTCTCAACTCAAAAAAGTTTTCACTGATGTACATGCAGTGTGGACGTAAGCAAGTGGCTTTGCCTGGCTAAAACAGTGATAAAAGGAGCTACCTTAGCGGTGGTGAGGGTCAGATACGCTTGCACACATAAATACATGGAATGATGCTCGGTATACAGCATTGTCCAACAGAATATCCTGTGATCTTGGAAACATACTGTGTCTGTGCTTCCCGATGCAGTTGAGCCCTTAAAAGAAGGCTGAAGTGACTGAGGAACTTTAATTTAAATTTGAATAGCTACATGTGGCTTTGGTGGCTACTACATTCCATGCAAGTCTAGGGGATGTTGATAATACCATAACGATGGTATTTTGTTTTTATCCACCCATCTGCACACTGATGTAAAATTTTTAATATGGTTCTCAGTGAAGACCTAGAAGACAATACTGGTCTGAAAAGCAGAGACAATATTATAAAGTGGTGTTTGCTATGCATCTGTGTGGCCCAGAACATTTAGGATGTCAAAGATCATCTCTGAAATGAAGGGTCAGATTTTGAAGTGGACTGCCTCTGTGGGAGTCTTTCAAGGAAGGGGAGACAGCCTTGTGATAAGCATGGGTGGGAGCAGGAACTCAGGCTGACATTTTGTGTGTGCTTCTTACTGGCTGTGGGGCCTGAGTCACATCGCTTCGTATTTTTGATCACCGGTGTTCATCTGGAAGATGAGGGTCATGATACGCACCTGCCTGCTGGGGTTGTCATATGTGCTGAGCTGTCAGGGCGCCTGGGCTCAGTCCATGAGGACCATGGTTATCATTCAGATAATGATGATGCTAATACCACAACTTAATGCACAATCACCATCACTTCTAATTAGATTGGAAAATTTAATAATTTTTATCCCTATCAGATGCCAAGGATGCTGATTGATTGCCCTAGATACTACTTAAATGTATGCTCTTCTGACTTTTAAACATTTACAATAATTAGAATCCAGTGAACTCAGGGAGAGAGAAACCTCTGACATGATCCCATTAATGCCTGATCGAGGCGAGAGCGAGCAGGTCGGCCATGGTGGCTTCAGGATCCCAGCTGTCTTCTTGTGCTCAGACTGTGGGTGTTTAGGTCGTACGTACACCTTGTGCTGCCTGCAAAGATTTGGTATCCAGAAGTTGATAGAATACAACTTTTTTAAAAGGAAGAGGTTTTTGGTGCTAACCATGCAGCCTGGCTTCTTGACATCATATCATTTTTATTTTACTCAATTGAAATGAATCAACAAAAACTTAAGTCTGGAAGAGTGGAAACTCTGACTTAACTGCTTCCTCATATGCTCTCCCTTTCTGC	1	0.9644144046688475
ENST00000265354.6	GTAGGTAGGGATATCTTTCACCCCATCCCAGATAGCCACTTCTTTGTCTTGACCTTAGGGGATCCTGTTACCAGTTCATCAAAGCCAAAATCCCTAGCCTGGAAGCCCATCTGCTTTTCTGCTCAGGCCTGTGGTTGGCAGGCAGGGAAGCCAGGGGAGCCTGAACTGGCTGGCCAGTCCCTGC	1	0.8840851812048983
ENST00000253754.8	GTAGCACAGAGATGCCTTCGGTGCCATGCCCAGAACCCATCTTAACCCTTGATCCCTCAAATCTCACCCAGTCCCACTCTGACCCCTGACACTTGATCCTTGGGTCTTAGCTGGTTGCATTCTGACTCATAAGCCTTACCAGACCCCAAGTCCACAGGGTGAAGGCTGGAACTGCATCCCTTC	1	0.7120772699802972
ENST00000427908.6	GTGAGTCCCAGTCCTGCCCTGACAGCGCCAGCCCCCAGGGGCCACTGCCCTCTGGCCTTCCCTCCCCTGCCATTCCTGTGGCCGGCAAGGTGGGGCTGGCACTGC	1	0.8267417904819508
ENST00000395443.7	GTAAGTGTTCTAGAGGCTCCACTGCTGGCATCTGTCCAGTGAAGAGTGTGGAAGCTATCCAAGAGGCCTTCTGAATTCCTCTGACATATATTTGAGAAACTGGGCTACTGAAAGCCCTAACCCCACTTGGCTGCATTTTATTTGGTAACCAGTGAGGCAAACACCCTTGCCAGACCCCTACCATCCATCTTGATGTGGTTCCTGCACTGGACACTGCTTGGGTACGGGCCTGCCCAGATCTTGGGAATGTGGGCAGTGGCTCCTCTGAAGCACCAGTGGGCAGAGGATGAGTCATGGTATCCTCCCGGCACCCCTCCCTCTGC	1	0.7103699276889989
ENST00000648640.1	GTGAGTGCACTGAATCACATGGAAGTGTCTTTTCTTGGTTCCAGGTGCACAGTCAAGGCCTCTCATGTAGTTTTTCTCTAGCTTTGGCTTCTGCCTGAGCACAGCCTAACTGGCCCACCCAAAGCCTGCAATTCCTTTTTCTACCCTACCAGACCCATAATAAAGCTTTCCTTGGTCTCCACAGCCTGAAGTGTAACCCTCTGGTCAGGGTGTAACCTGCCTCCTGAGGGCAGTTTGGCTATCTCCCTTGCTTGGCAGTGGCACTTAGGGTAAGGAGTGGCCTTGTCTGAGTGCGTGCAGGGCACATTCCCACACTGACCAGCCTTATGACCTCCATCTGACCCAGTGCTGGAGTTGGGGTCAGCTTCTCTTCCTGTGTCAGGGGGTTCTAAGGATTAGCTGAGAAGGCTGGAGGGTCTAGGGGAGAGCTGAGCATGTCCCCAGTCTGTTCCTTCCCTTTACTTTTGCTCTCTGTTCCGTGGAGTGAATCACAAACTCTGAGCCTCAGTTTCCCCATATCCCACCTTGGCTATAAGTCTTTTGGACCAGACTTGGTATTTAATTGACACCTTCTTCTAAAGAGGGGAGGGGGTGTCCCTGAGGGGATGTCAGGAAAAAACTTGGTCGAACCCCTGCTGTAGGAAGTTGAAGCCCCACAACCTTGGCAGACAGGGCAGCAAAGCAGCTTGTAATTTTGTTCTTGAAGGAGGTCTGCACAGCATTACCCAGGTGGCGTATTGGCTCCCTGGGGTGGTGGTACACTTTCTCTGGAAATAGTTTCAAGAGGTTGGGTATTTCCACATTTGAGGTTGACTTGATGCTGTCTTTAGAATGCTGGGTACCCCTATGGAGAGGGGCAGCAGGGAGAGACTTGGGGACCCACATGCTGC	1	0.9443986764700801
ENST00000479054.5	GTAGGCACAGGGCCTGCTGGGGCTCAGGAGCTTGGAGTGTGTGGTTGGGGCAGGCCTGGGGGGTCATTCTCTGGAGCCAGCTGTGTGGCTTCAGGCAGCAGTCAGCGACTTGGCTGCAGTGGGCTGAGAGTTCCTTGTCTGAGGAAGGGAGCTGTCATGAGGGAGGGGTCCATGGCCAGATGTGAACGCAGAATGCACTGAGCCAGGGCCTGGTGACTGCTTGGGAACAGCCAGTGATGAGAAGGGGTTAGGCAGCCTTTGCCCCTGGGGCTGCACAGGAAGCCCTAGCCAGCGACCTGGTGACTCCCCTGAGCTGGAAGAGGCTCCGACTCCAGAGGGCATTGCCTATGGGGCTTTGCACGGGTGGAAGCCAGGCCAGCCAAGAGGACCTGTTCCTGCTGGATGTGCTGCACACCTAGGAACCTTGTGCTTGCCTGCCACCGCCTCC	1	0.9241350173583263
ENST00000382456.7	GTGAGTCTTTCCTTCATTAGGCCACAGCAGGGCTCAAGATCCCAGTATACCCTCTTGTTTTCAGCTTTGATCCTTCTGAATGAGGGGCAGGGGAGTGTGCCTGTTTGCTTTTCTAGGAGCCTCTGCTTGTACTGTCAGTCTTTATACCTCCATGTGAGTATGTACACGCCTGCATTTGGGTTCATGCACGTGCTTATTTTTTAAGATGCTTTGGCATTTCCCTTTGTAATGTATACATTACAAAGGGAATACATTGCCTTTGTAATGTATCTGTGAAGCAGACAAAGCAAACGATAGCATGTCCAAGTGTCTAGGCAGAAACTGCATCCTGTTGTTCTAAAGAAGTAGACCCAAGTTTCCATAGCAAGTGGTTAGCAGGGTCCTGACCACTTCTCCTTGTTCTGGCACCTCCTGCAAGCTCCTGGGCTCTCTCCTTGCTTGAAATGGGCAACTGCCCTTGAAACTCCTCCAAGCCCCAATGGGCTGC	1	0.8641541589368692
ENST00000621152.4	GTTGTAGAACCAATAGGGTTTGAGGTAATACTGTGAAAATTCTTAGAGCAATCATTTGGTGTTTGAGCCCTCAAGACAGAAGTTTTGTGAGCGCTTATTACTCTGCATA	1	0.8987920829589573
ENST00000264705.9	GTGAGGGAGATGGAGGCTTCCTGGTAGCTTGAGTGGCCAGGGTCGAGTAGAACAGCTGGCTGACCTAAGATTCTTTGAAACTTGGTGGCGGCTGAGGGAAGCAGTGAGCAGGAAGGCTCAGATTCCTGCCCTCTTTTGCTGC	1	0.8185965951477775
ENST00000537606.5	GTAGGGCTTTGGGTGGGACCAAGATTTAAGGAAAGGACCTTGCTGGAAGGTCATGTCTTTTATTTTTTTGAGACAGAGTCTTGCTCTTTTGCACAGGCTGGAGTGCAGTGGTGCGATCTCAGCTCACTGCAATCTCCGCCTCCCGGATTCAAGCGATTCTCCTGCCTCAGCCTCCCAAGTAGCTAGAATTACAGGCGCCTGCCACCATGTCCGGCTCATTTTTGTATTTTTAGTGGAGACGGGGTTTTGCCGTGTTGGCCTGGCTGGTCTCGAACTCCTGACCTCAGGTGATCCACCCGCCTTGGCCTCCCAAAGTGCTGGGATTACGGGTGTGAGCCACCACACCCAGCCAGGCCATGTCATCTTAATAACAGAGGAGTCATCTTTTTTAATGGAATGGAACTTCTATTCTTATGAAATCAAAGAAATCACAGCCTATATTTAAGCAGCTGAGAATAAAGACACACAAGGGACCTAGAAATAGAGTTGGGCATAGGTCAAGGCAAGGGACAAGGCAGTGCTTC	0	0.4700848306417621
ENST00000316586.9	GTAGGGACCTGGTTTATCCTCATGGTGACCCTAGGTGCTGTGACGTGGGTGGTCCCCACTCCAGAAGCAGGGGCGTGGGCCCTGGGGGTGAGGGTGACCAGATATAGTGTTGGGCAGGGACCCCCTCAAGGCTGCAGGACAGGGCCTGCTGAGGCATCAGCTGGACCCCGTGGCCTGGCAGAGCCCCGTCTGGTACCTCGGGTTTCCCTTGGCCGTGAGGTGTGCCCTGAGGCCCTCATGCCTCCTGGCCCTCTCC	1	0.9767435851455413
ENST00000377298.8	GTAGGGTAATAGCTCTGCAAGCGATGCCAGGCCCCAGTGTCCAGTAGGGTGGGTGCCAGCGGCAGGCTCCCTCTCCTTTCCCAGGGTCCCCTGCCAGCCTGGTGCTCGTAGGCCATGTGCCATGCTGTGTGCCTGGGGCACTTGGTTCCCTAGAGCCACGGCCTGGGCATTTGGGTATTAGCTGTTGTTGCTCAGTGGGGTCCACGGTGATCACAGGCTCCGCCTCTCAGGAAAGCCCAAGTGTATTTGTTTCTAAGCCCTGCCTTGGCTTAGCCGAAGAGTTCATTTATGCAGATGAAATTGTGTCTTCAAAATCCATTCAAGAAACAGCTTTAATTTCTCCTTTGGATCTTTAGTTGGCAATTTACCCA	1	0.760483413588064
ENST00000444836.5	GTGAGTCCTCTGATTCTGGTATCTGGCGATTCTGTGCCTCCCCAGCTCCCATTGGCTGTGTCCCTGGCAGTGAAAACCAGAGTCTGGCCCTTGGTTGTAGGCCCCTGGTGGCCCCCACCTC	1	0.9231854917096248
ENST00000235332.6	GTGAGTGACCAGAGTATTGGGACACCTTGGGGGACAGAGCCTGAACCACTGGTTTTAAGAAAAGATGGGCCTGGGCGTGGGCCCCCAACCGCTGGGAGGCTC	0	0.44167167696230725
ENST00000375254.8	GTGAGTGTCTTGGGGCCATGATGTTTGGTGGCTGTGGGAACCAACAAATTTATTGAGATCCCAAAATGTGCTAGATGCTCTGAGGAGTATACTTAGAGCAGTTGATGCTTGGCCATCCAAAACTTAGAATCTAAGACATCATGACATGCCCAGAACATATTATGAACAGTGTGAAAATCAGCATACGAGGTTTGGCTTCAAAAGAAGAGAATTGGCCAAGGATGCACCTATAATCCCAGCACTTTGGGATGCCTGAAGCAGGTGGATTGCTTGAGCCTGGGAATTTAAGACCAGCCTTGGCAACATGGTGAAACCTCATCTCTACCCCAAAAAACACACAAAAAATTTAGCTTGGCATGGTGGCACAGCAACTATAGTCCCAGCTACTCGGAAGGCTAATGTGGGAGCATCACTTGAGCCCAGGAGGTTGCAGTGAGCTGAGATCGTAGCACTGCACTCCAGCCTGGGCGACGGAGTGAGACTCTCTCTCAAAAAAAAAAAAAAAAAGGAGTGGGGCTGGGGAATCCAGGGTCATTTTGGCCAATGAAGAGAATAAATCTCCTTTTTAGTTCATATAAATATATGAATCTCCAAGAGGTGGGGAACTCCATTTTGGGGCAATTAGAATAGTTAGAGAATTTTTATTTTTAGAAAATAGAACTTTATTGTATCTTCTCTAAAGTTCATCTAACTTACAAAATAATGTTTGTCCTCTTTTGCATATAGTCCTTTAGATAACTTTCCTTTAGTTTTTCATGTCACATGGGTTATAAGGTATAAGTCATTATTCACTTTAAAACCTGCTGCTCAGCACTGAATATAGACTTCTGATGTGGCCTTCCTGGCCTTTTTTAGCAGCAGAGTTAAGTAATAGAAAGTAAAGTGGTGGCGATTCCAAAAAGGAAGTGAACAAATATTGCGAATGAGATATATGAATAGATCTCATAAATTGGCTTTCTTTTTTGGAGATGGAGTCTTGCTCTGTCACCTAGGCTGGAGTGCAGTGGCATGATCTCAGCTTACTGCGACTTCCGCCTCACTGGTTCCAGCGATTCTCATGCCTCACTCAGCCTCCTGAGAAGCTGAGACTGGAGGCATGCACCATCATGCCTGGCTAATTTTTGTATTTTTAGTAGAGATAGGATTTCACCATGTTGCCCAGAATGGTCTCGAACAACTGTGCTCAAGTGATTTGTCCACCTCAGCCTCCCAAAGTGCTGGGATTATAGGTGTGAGCCACTGTGCCCAGCCAAAGTTGGCTATTTTTAAGGGAATAATAGTCAGTTGGAAATATACACATACATACCCATATATATTCTGGCATTTTATTAAAATCAGTCACAGTTTTTGCCAGGTGCAGTGGCTCATGCCTGTAATCCCCACACTTTGGGAGGCTGAGGTGGGCAAATCACTTGACCAGAGGAGTTCGGGACCATCCTGGGCAACATGGTGAAACCCTGTCTCTATAAAAAATATACAAAAATAATTAGCCAGACATGGTGGTGCATGCCTGTGGTCTCAGCTACCTGGGAGGCTGAGGCAGGAGGATTGCCTGAACCGGGGAATTCGAGGCTGTAGTGAGCTGATATCACATCACTGCACTCACCACTGAACTCCAACCTGGGTGACAGAGAGAAACCTTGTCTCAAAAAAAAAAATGAGTCACGGTTTTATTTGATACTCTTGGAATTAAAAGAAGTCGTAAAATCAGTCACACTTTTAGAGCATTGGTTTTTAGATATTAAAGATGAAGTGAAAAAATACTTGGGTTGGGGGCCCATAAAGTTGCTGATTTTTATGTTGCCAGGTTAGATCAATGAAAACAAATGTCATCTGTCACCACAATTTGTAAGAGATTGGACATTTTAACATTTTTTTAAAAGACCAGTACTTTGTATTTAAGTTTAGCTTTATGAAAACATTTACTATGTTATTCTTAATGGATTGATAATAACTTTAACACATTTACACAGCCATCCACGGTTTGGAGGCCGAAATCACTGCTTTTGAATGACTGAATTGTGCAGTGTCTCAGGCACATGAATAGTGCGTGAATCCACTTGATTTTATTTGCCTCATTACTGC	1	0.9199876900728368
ENST00000372224.9	GTAGACACACTGAGCTGTCTGCTGTTCTGCTTCTAGTGAGGCACAGATAGTTTACATCCTGTCCTAAACCTGGCCTACCTTGGCACCTGAGTTCAAGCCCTGTTTGTCACGTGGGGGCATGTTTTCCTCTGGCCATGGAATCAGTCTTTCATTATCAAGACAAAACAAGAACTGTTTCACTTCTGTGGTTGTTGAGAAAGTAGCCAAGATGCATAGGAAGAGCTTGGGTTAGAACTGGAGTGCAGTTATCACTATTTGACTTCATATTGGCCAGGCCACTACTTTGTGGACTTGTCCATCCCGAGAGTCACATCTATTACTTCTTTTTGCATATAGTGATTTAAGAGTAAGGATCTAGAGAAGGCCTCTCCCTGGGAAAGGCCCAGTACTCAGTAAATAGCCAGAGAAGAGTAGGCTGGCTTAAACTGGTAACAGAGTGGGCTTC	1	0.7283542675515385
ENST00000361297.7	GTAAAAACCCTGAGCTCCTACCCCATTCCTGGAGCCTGGGCCCTATGAAGCAAAGAGCTATGAATTCTCTTTAAGAGAATATCTGAGGAAGGGATGGGGGAGTTGGTGACAGCAAACACTGAGAAGTCATTCTACTCCCAGAAGAATGAGCAGGAGACTGCACTAGAGCTGACAGCTGAGAAGATGCTAGAGCCACAGCTTCTGCAAGGATATGGGCTCTGAGAAGCATGCCTGTCTC	1	0.5657169573416386
ENST00000368309.4	GTATGAAACCAGCATGAGGAGAGTATTGTTGGGGAGAGAGTTCCTCTTGGTTGGGGGCAGTTTCTTGTGGTCAAAACACTGTGGAGCCAGACTGCCTGGGTTTGCATCCCAAGCTCTGCTGCTTCCCAGCTGTGTGAGTTAAGCAAGTTATTTAGCCTCCCAGTTTCTTTATCTGTAAGATGATAATAACAATAGTTCCTACCTCCTATAGTTGTGAGGATTAAATGAGTTAATACACGTTAAGTGCTTAGAACATGGCGTGTGACAGAGTAAGTTCTGTATACCTGGAAATGTTAGCTGTCCTCATCATCATCAGACCCAGGGCTGAGCAGGCTGACTCCTCATACTCTTCATTACCCAGAGCATAGTTCCATTTCCTCTCACTGTCCCACTTAGGCCTTCAGGATACTTTGAGATCCCCGGAGAAGCTGGCCAGATTTCCTGCAGTGGTAGGGGGTGCCCAGGGAGTCTGAGGCTGTGGGGGAATTCTTAGGGTGAAAAGGCCCAGGTCTC	1	0.9466702014783535
ENST00000297990.9	GTGGGGGACCCCAGCATGTACACTGGAAGGAATGGGGTGGCTCGTCCTCATGGCACCTGGACTGAAGCTTGTTGGGGAGGGTCCACAGAGCCCTTCCTTCCCCAGCTCTACTAC	1	0.6930270691422686
ENST00000453597.7	GTAAGAGGGCAGCACTCCAGCCCAATCCCGGACCCCTCCGCTTGGTAGGGGTCCCAGGTGCACCAGTTTGTGTAGCGGGGAACTGGAGGCTGTGGAGGGGGTGAGGGCAGCAAGGGTTTCCAGCACTGTCACCCAGAGAAGAGAGAAGCCCACCCACTACCCAGCTCAGCTCACCCTAGTTCTCCCCGCCTCTCTCTGCCCCCTCCCTCCTCGGGTTCAGGCCTTAGAGAGGTCTGAAGCAAGAGCCAGAGGCCTTCCCCGCCCTTCTTTCCTTCCCAGCCTTATTAGTCCTGCCTGAAGTCTCCGCTGCTTCATTGGCTGATGAGGAAGGTTGGGGAGAGGGAGTGTGTGGCTCTCTGAGGACAGAGCATTTACATTCATCAGCATAAAAGTCTGGCCCTTAAGCAGCCTGGGAATTAACTACCAGAGCTCTGAGCAGAAATGGTTTTCCCCTTCTCTCCCCCGGCCCTGCCTGCTTCTGGCCAGCAGAACAGAGGTGGAGCTTTGCCTCCCAGAGGAAGTGGCAGGGATCCAAGGGTGGACGGGGAACTGCTGCTGGCATCTTCCCCCTTCCCTGGGGTAGCTGGTGGCCATGGGGTGGGAGGCAGGAAAGGCCCAAATAAAGCCTCTGAGAGGGAGGCCCCTCCCAGCACATCCCACGGCCATGATGTAGCTGCTAATTCTGGGCCTGCCCCTCAGGGCTGCCTGCCACCCGCCAGCCACAGGCACCTGTCAGGCTATATTAAGAGACATTGTCACGCTGAGGACTCTCCTTCCTGGGAAGAACTGTCCTTCCTCCCCAACAGAATCCACCTTTCTTTCACATTCTCCTCCTCTTCACCCTCCCCTTTCTATCCTCAAAACTAAATGGGCTAATCATATGTAGATAAGAAGGTTATTTTCTTCCCCTCCTCCTGGCCTTGTGTTCCATGCCCCTCTGTGAACCCTCATCCTCCCAACTCCCTTTTCCTATTCTCCATGCTGCCGGTTCCTTCCATTCTTCCTGCCTACCTCCTAGACGTGCCAACTCCCAGATTCACCAGATACCGGCTGGAACCCCCAGTATTCTTTCAGCTAAGACATTTTTCTCTCTGGCATGGAGGGATGGGAGGGATAGGAGTGGAAAAGAGGGAAGCAGTGCAGACACCATGCCACCATGTGACCTGTCTTGGAATTGCACCCATTCCTCCATTCAGCCTCACCTTTGTTTAGAAAGAAGGCAGGAGCTGGGAGAGCTCCCTTGAGATACTTCACCCCTTCTGCCTAAGTGAAGGGGTCCAGACACCAGGTTCTGATGCAGAACCCCATCCCAGGAAGGCCCCTGAGGATGCGGCATGGCCTTAAGGGGACCTCCATGGCCTGGGGAGGGAGAAGCAGCTTAGAAATGTTGGTTATATTTCTGTCCACCCTGCCCAATCCCCAGCAGCCATTTATTATAGAGCAGTTATACACACAGACTCTGTGTGCAGCTCCAGCTAGGGACAAGTTGCTCCCAGCTTGAAAAGGGGGTGGTAGTGGAAGAATAGAAATCCCTATAGAGAGAATTACCCCTTCCCATCATCATCAGTCCAGCCTCCCTCCCTCTCTCACTGAGCTCTGCCAGGCTGCTTGAACTCGCTTGATAATCAGCCCCTCGATAGAAGGAAAGGAGAGATCCTAGGTCTTGGGGGAGGGGTGAAGAGGCAGCTGCCACAAGTCCCTGAACCGTCTGCCACTTGGCCTCTCTAGTGAAACTCAAATCTGCCCTTGTGGTCCCAGGAAATAAGAGGCTAATTTAGGCTCAGATCTCCATGATCAGTTGAAATTCTAGATAAATGGCCTCAAAGAGAAGGGTCTCTTTCCTAGCCTGGACCCCACCCATAGTCTCTGTATTCCGGAGCAGTTCTCAGTGTGAACCGTCTCCCCACATCCCCCACTACTGCCAGCACCCCCTCCTGTGCATGAAGGCTGCCTCCAGGAATCTGAGCCCCTTAGACAGGACCTGACAGAGAGAGCAGCTAAGGTCACCACTGCCATGTGCCAGCCCATTCATGCATTTTGGTTGCTCAACATTAGGTGTGGGGTATGGCGTTTGCTGTTGTATAACTCCAGGGAGCTCCATTCCCATTGTAGTCTATGTCTGTACAATGTGTGAATGACACTCCCTAAAGTTGTGTAACACCGAGCAGAGTGTGGGAACAAAGCATTTAAAAACTTTTTCTAGAAAAATAGCTCTTCATCTCCAAGCTAATGAGCTTTCCCACTTTTTAAGGCTTCCTGATTTCCCGTTTGAGCAGGGGCCAGGGAAAGAGGAAACACTGCTAGAAGCAGAGTGAAAGTGGTCTTCCTCCCGGGTTGGATCCCTAGCCTATTTGCGACTGTTCACTTACCAGCCCCCTCTGTGGTCACATCCTGTCTGATGGCCCCTTGTCCTATATGTCTTTGGAGATAAGCAAAGATTTGGGAACCAAGTATCACTTGTAATGTGACACCAGGCTAGTCATTCAAGGCTTTTTGAGACATCTTTGGACCATGAGTATGTGGAAAAGATTACAGGACTGGAAGTCACATCCTCTAAGTCCTCTAGTCCTGGCTTTTCCACCTATTGGGTAAGCAAGCCTCTTTGAATCTCAAGTTGTGCATCGTTATTAAATATATAATTAGGAATGGAAGATAATCTTGCCAGAAGCCTTTCTTACTCTATTAGCCTGGCCCTCTCTGTGGGATTTAAAGGTTGCTTCTTTCTTTAAGCCTGTGAACTGGGAGCTAGAGGGCAGGGGGAAGACACTGGGATTGGGGCCAGAATAAGCCACACTGC	1	0.8801645009103656
ENST00000644325.1	GTGAGAGTCCTCTTCCAGTTCCCAGTCTCCCCTCAAGCCACCCTAATCCTTGCCAGAGACGGCCTGTGGCAGGACACTTGAGGGTTGGGATGGACAAGAAGCTTGACTTAGGCAGTAGTCTGTGGGAGGGCCTAATTCTTTGCCATTTCTC	1	0.8604835158393276
ENST00000414656.1	GTACGTGAGCTTCCCCTCGCAGTACGCCAGCTTGCTGTTCAAATCGAGGGTGTTGGAGAGCACCACTTCTCTCTGTAGGCCGGGAGGAGGGTCTCATCTCCCCTCTGGCCCTGCCCAGGGACCTGGTGTGTGGCAGCTCAGCCTCACTCCCGGTACCTGGGTCGCAGGCAAGTTAATGCCCATCAGCCGGACATAGAGGTTGTCGATGCCCATCTGGATGGTCAGCAGCAGCTCCTGGCCCTTGGTCATGTTGCTGTGCGCCAGCTGGA	1	0.67131400496504
ENST00000487917.1	GTGAGCCCACCAGCCCCTAGCTGGCCTGCCCCGGCCACACGGCCCAGCTGTGGGTGAGGGGCTGTTCCCCAGTGAGGGTGTGGTTTGGGGCAGCTGCGCCAGCAGGCGGCACCCTTCCCTTTCCCACGGGCAAGGCAGGGTGGCCCGGGAGCCCCCCGACCTCTCGGCTGACGGGAGGCAGGGGAGGTGCAGCCCGTGCCCAGGCTGC	1	0.9692670054297474
ENST00000343053.5	GTAGGCCTGCTGGGTACCATCCGGCCCGCTCTGTCCTCTCAGCTCTTGTCCGTAGCAGCCTGAGAGGTGGCTGCTGTCCCCAGCCTGGGGCGGAGGGTCCGCAGGTGGGTCTGTTGGGCACCAGGGCTCGCATGTGGCCCTGCAGGGTGCCTGGGCACAGCTGGGGAGGGTCCCAAAGGCTGGCCATGTCCTGTCTCCAGGGGCCTTGGCCACCTGCATCTGGGCTGGGCCTGGGCAGACAGCAGGGCCTGCCTCCTGC	1	0.960463615806962
ENST00000521400.5	GTGAGTCAGTTTTGTCTCTCAGTCGGCTAAGTGCTCTCCCACCAGGTCACCTAAAACGACCAGCAGAGACACCCAAGAGGCTGAGCTGTGAGGATCACCTGAACCTGAGCCTGGGAAGTGGAGGTTGCAGTGAGCTGTGATCACACCACTGTGCTCCAGCCTGGGCAACGGAGTGAAACCCTGTCTCAAGAAAAAAAAAAAAAAAAAAGGACCAGCAGTGACATTTGTTAAATATCGAGGGTGGTTGAACATCCACTATTTATAAGGAAATGTTATTTCCCACAAATCTCATTCCTCAGAAATCAGTGAAAGACAGACCCTGTCTCGGATTCTATAAAGCAGTGTGACTGATGTGGCCAAACCCCCATAGAACAGCAGGCTAGGGAGCTTGGGCAGCCTGGGAGGCTAAAGCATGCACACAGCTGGCCTGTGTTGGAGGAGAGCATGTTTTCATTCAACAGGCATTTATCGAACACTTCCTCTGTGTCAGGCACAGGCCAGATACAAGGGGTGCAGTGACGATCAAGACAGACCTGTCCTCAAGGAGCCCACATTGAGGGCAAAGAGAGGGAAAGGTCATTAAAATGTTCTTTTTGTTTTAAAGGGTTATCATAAAGCCAAGGCCACACACAGAGGGCCCTGGCTCGTGGCCTGGCTGAGACATCTAACTTGGCTTGCTGACACAGAGCAGGGGTTTAGTACGTCCTCATGGATTCACTTTGGGATCTTTCCTCATTTGTCATTGGCCTCATTTAAATATGAAAGGATCTAAAGCAGTGGGTCCACTCATCAGCAAAAAAGGCCAGACAGCTACTGTGCAGGCAGATAAACCCAGCTGGAATCTTGGTTTTGCCACTTAACTGACATTGCAGCCTTGGACAAGCATCTTATCCCGGTGAGCATCAGTATCCACAACTTCATAATGAAATGACAATAATATCTCTCCATGCCATTTCTGTGAGAATTAAATGAAATGTTGTATGCAGACCATGGGGCATAGTATCCAACAGCCACGTACTCCATAAACAGCAGCTGACAAACAGGAGAACTGGAGGCTATGGCTGTGCTGACCTTGGAGACCTTGGGGACCCTTGCTGTCCTGGAGGAGAACCTTCAGAGAGAAATTCTGAGATGAATGGAGGGTCTTCCATGGTCCCAGGGATTTTACACTCACAACCTCGGTGGTTTGGTTACAGCAAGGATGAGGTGCCTGCTCAGAATGGGATCTGTGCTCAGAATGGGTTCTGCCAGGGTGGAGGCAGCCACCACAAATGTAAAGTGGGCATCCAGGCACGAGTGGGTTTGCATAGTAAGAAAAGGCTTTTCTGGGACTTAAAGCTACTGCTCAGCGCCACTGACATCCCTTCTATAACTCTGGGTTCTCCTGAAGGGGTGAGTGTTTAATCAGGGCCTTCTGGTCTCATCTCTCTGGTGGTAAAGAGGAGTGAGGGGCTTTTCGCCCAGGGCTGGGGGCTGGATTGTAACCGTGGACAGGGTTATTCTCATAATTCCCTTAGGGTTTGCATATCCAGCCAGTTTCAAGAGATTATTTATTTGACCTTGAAGGAGTGTGATCAGAATCACTTTACCCCACCTTGTCTTTCCCCCACCCCATATTTAAGAGCTGGCAGTGAATTTCTGGGGAGTCCCAGCTGCGCCAGGCTCTCAGGGGGCTGTTGTATTGATTGCCACTGAATCCTAAACTGGGTTGATAATAGATCTTTCTGTGTTCTGGCTTTATGGACATTTTTCTTAACACAGAAAAAAAATGAGATGGGAAAGGACATGCGTTTGCTGGGCTACTCAGCTGAGTCAATATGAAGCTGTGAGCCTCAGTATCCACAGCTTCATGATGAGATGATAAAGCTCAAGAGTGAGCTGTTTAGTTGGGATCTGTGCTAGAACACAGGCGAACTAGGATCGTTTTTGATCAGACATAAGTGTGAAACATTTCTCAGTGTAAGGTAGATCAAATTTAATGTCAACTTTTGCCAAGTGCTGAAGGAAAGACTATGGAACAAACTCTGATAAACACTGTAGTCTGTGAGAGGGTCTGCCAGATGCCCACCTAATGTTTTCTTGAGCAAAATAGCTTGTTGGGAATTATGAATAAAACTTTCTGTGGGGCCAGGTGTGGTGGCTCATGCCTGTAATCCCAGCACTTTGGGAGGCCAAGGCAGGAGGATCACTTAATGCCAGGAGTTCGAGACCAGCCTGGGCAACATAGTGAGACCCCCCATCTCTAAAATTAGCTGGGGTGGTGGTATGCATCTGTGGTCCCAGCTACTTGGGAGACTGAGGTGGGAGGATCGCTAGAGCCCAGGAGTTTGAGGCTGCAGTGAGCTATGATCATGCCCCTGCCCTCCAGCCTGGGCAACAAAGTGAGACCATGTCCCCCACACTGCCCAAAAAAGAAACTTCCAGTGTGGGGCACAGCTTGGAGTCATCTAACATACAGCCAAGTGGAATTGTTCCACGTGAATTTCTATAATGTGACTCTGATTGTTCTCCTGCATTTCCTTTAGGATCGTGGAGATATGTAATTGGGGTAAGAACAGGGCACTTTGATTATTTGGTTCATTTGGCTGGACCCCACCATAACAGTCAAGGCTGGTTAGTGGCTATAACAAACACCCTGTCCCTTTCAGTGGCTTCACACCAAGTGTATTTCTCGCCTACAGCACAGTGCAGTGTTGTGGGCTCTGTCCACACAGCCATTCAAGCAACCAGACTCCTTCTCTCTGCTGCCTCCACCTTCCTCGAGGCCCATGTCATTCAGGCAGAGATAGGCAAAGGGAGGGAGGCCACGCACAGGAGGTTCCTGTGACCCCCGGATGTAGCACCTTTCCTCTGCTTGGGAGACACTGGCCGGAGCTCACTTGTGCGTCCACACCGACTGTAGGAGGGGGAGGTGCTCTGCGAGATGCTACCATGTGTCTGGAAGAAGATGGGAACACAGACTTTGTCAAGCCCTCACAGTCTCTGCCACACCCGTAGCCCCCAAAAAGACTATGGGTGTGGCAAAGCTTGAACAGATTTCATATTTAAGAAGTAAACAGCTCTTAATGAAACACTTATAGTATTGAGACAGCCAGGTGGGAGGGGGTCCCCAGAGAAACTCCAAACAGCCTGTGCACTGGGGTGGAGCCTCAGGAAGTTCTTGCCCTTTGCAGCAGGGAGGAGCCTGGCCCCTCCTCCTCCTGTGTGGAAACTGGGATTCCAACAGCGAGGCGGGAAGTGCTGTGGCAGGGAACTCTGGCCTTGCAGAGAGTCCCTGTTCCCCGTTTTTTTCCTTTTCACCAAGAAAACCCTGCTCTTTACTCATGCTTCAAACTGCGAGCCTATATTTTCATGACCTTGGGAACAAGAACCCCGTCTTCAGCTGAACTAAGGAAAAGTCTTGCAACAGTATTCTGCACGTGACCATGAATATTAAGCTCTGCACAGTATCAGCCCCCTGTTTAATATACTGAAAACACATCACAACAGCATCAGAAACTGTGAGAGTATGGGGGCCTTGTAGAGAGGAAGGAGAAGTGTGTTGTTTTGTTTTATTTTGTTTTCCAACATCATAATCTTTGCAGAATTCTTAGGTTATGGTGAGAGCCACCTGTTTTTATTGAGTAGGTTGGCCAGGGCCTCTTCTCAGCCATTTTCATGTAACACTGGGGTCTTTCACTGAGAAATCTGGGTCATGCACAATCCAGCAACGGACTGAAACGGCCCTGGCATTCTGCAGACGCTGTGGGGCCTGGGTCCACTGGGCCTGGTGCTTGGTCGCTGC	1	0.9281458889242428
ENST00000423902.7	GTATTTATCAGCTCCACTTTGTATTTCAGTTATAAAATTGAAGATTAGCCCATGAAATGGCAAAGTATTAAGTTATTTTAAAGTGTGATTATATTACAGTTTTTCCCACCTAGTACACAGAACCTTAGATACCCTTTCCTTGGACTTTCCAGGTCATCATCATAAAGGTTTTCTTCTTTATTTGTTTGTCTTTTTGCTCTTGTGAAGGGCTGTTGAGATTTATAGAGAGGTTACATACCTGTTGATGTAATTTTCAGAGATAGCTGTGCTGTGCAGGTTGGTAGTTTTGCTAGGTATGTGTAATTTTGGGGATGATGTCAGACGCCACTGACGTTGGTAGGCCTGTTTGCCTGCTGCAGTTTTGAGTCTCTGTTCTTTGTGAAGCATCTGTACTCAGCCACACCGCTTACTTCTTCAAGCCTACGTATTTTCACTTTAGAAACTTAGGGCATAACCACTGCACAGTATTTCTGTGAGAAGTAAATGAAGCATTGTGTATAAAAAGTGCTTGGGCCAGGCGCGGTGGCTTACGCCTGTAATCCCAGCACTTTGAGAGGCTGAGGCAGGCGGATCACGAGGTCAGGAGTTTGAGACCAGCCTGGCCAATATGGTGAAAACCCATCTCTACTAAAAAAAATACAAAAATTAGCCGGGCGTGGTGGAACACGCCTGTAGCCCCAGCTACTCTGGACGCTGAGGCAGGAGAATCACTTGAACCCGGGAGGCAGAGGTTGCAGTGAGCCAAGATTGCACCACTGCACTCCAGCCTGGGTGACACAGTGAGACTTCATCTCAAAAAAAAGGAAAAGAAAAGAAAAGTGCTTGGCTATTTTATATGCTGTAAGAGTTATGTGGGCATTAGTTATAATTTGTGTGCTGTATTTGAAATAAATAACGGAGATAGACTTGAAATCTTGGTTTTTACGTGCCCCCTCCACTGACTTACTGTCTAAAACCTGTTAGCTCAGTTCAGAGTAAGGTCTGTTTTGTTTTTCTTTTCTAAAATAAAAACTGTATGGATTACTCAGTTCTATTGCCAATCAATAGAAAAGAGAACCAGGGAGAGACGTCTCTGCTGGCTCCTTAGTGCAGGGACTAGATTGCTCCTGGCTCACTTCCTCTCATTCTTTAGCTCTCCCTAGAAAGGAAGAGAATAGAAACAGAGCATTGCCATGACATTGTCTTGTCCCTCTTCTCTATCTTCCCTATGGCTTAGGACAAACAGAAGGGAAAGCTACATGAATCAGTTGGATTTCTCCTGCTGGGTACTTTTCAAGCCTTCTGGCTGTTCAGGGCTCCTGGATGGGTGAAATAGTTCATTTGACATAAAATTATGCAACCTTCATGCACTGCTCTTATGAAAGCTGAGAGATGAGCTCCTTCATACTCTCACTGGGCTTTGAAAAATGAAAATGGATGTTTAATGAATGAGATAATCCTGATGTTTCATGTTAAAATATGTTTTAACTTGCAAGCAAATCATGACACTAGTATTTA	1	0.9198031293784609
ENST00000429801.5	GTCTGTCCCTCCACCCCTGACTTCTGTGTTCACAATGCCCAGCCCAGCCCCTGAGGTTCCGTTGAAAACAGTGGGTACACGTAGGCAACTAGGCCTAGTCCCTCGTGAAAA	1	0.8004454935827144
ENST00000311713.11	GTGAGTGACAAGAGTGTGAAGGAGCTGTTCCTGAAGTCGAGGGAGGCTGAGGCCACTGACGATGCATTAGAGACTAGATGGACTTAGGGGGCGAAGGAGGGCTGAAAACAGGGGCACATCGAGCCCCCCATAGCCC	1	0.81656717039472
ENST00000435359.5	GTGGGCATGGCTCACAGCATCCCCGCTGTGTCCCCGCTGTGTCCCCGCTGCGTCCCTGCTGCAGGCTCCCACTCCTGGCCAGGGCCACAGGGGAAGTGGCTTTTTCACGGTAGCCGTCTGTGCGCAAGCGTTGGTGGGTTGGGAGGTGCCAACCCGCTGAACCTGGGCCTGA	1	0.8846861765081008
ENST00000582471.1	GTAGGTGTTTTTGAGAATGCTTGAGAGAAGGAAATTATGGCAATTATTGTTGACATGATTGTTTACAGAGCAAGGCCATAGAAATAGTCCTTGATTTTACATGTGCTGGAAAAAAACATTTTAAAGTAAATACTACTGCACTTGTATTGAAAATTCTAATACCATTTAAAATGTTTCTGACATCAAAGTGTTAACGGTCATTATGTTTCTGTTAGTTTGTTTTTGAGACAGTCTTGCTCTTTCACCCAGGCCGGAGTGCAGTGGCACAATCTCGGCTCACTGCAGCCTCCACCTCCCAAGTGCAAGCGATTCTCCCGCCTCAGCCTCCTGAGTGTAGCTGTGACTACATGCGTGCACCACTACACCCGGCTAATTTTTGTACTTCTTAGTACAAAGTTTCACCATGTTGGCCAGGCTGGTCTTGAACTCCTGACCTCAGGTGATTTGCCTGCCTCAGCCTCCTAAAGTGCTGGGATTACAGGCATGAGCCACCATGCCTGTCCCATTATGTATATTGGGCGGAGGTTGCAGTGAGCCGAGATCGCACCATTGCACTTCAGCCTAGGCAACGAGTGAAAACGCCATCTCAAAAAAAAAAAAAGAAAAAAAATAAAGACCTTAACTGATCTTCCCTTACTTCTGACATCTTTTTCCATTCTATATGTTCTAGTCTGCTCGCCTCCTAGCAACTTGGTAGAATTATAAATTCTAAGAGCCCAGGCCTACTGAGGCAAAATTAGGGCTTATGACCCAGGTGTATGTTTTAATAAGCCCTCCAGTTGATTCTTACTCAAGTTTGAGAAACACATCTATGAAACTTGATAATCTCCTGCCTTTGAACCTTTCAACTTGCTGTTCTCTTCCAGATACCTGTGCATAGATAGATTGCTCACCACTTTAGGTCTCTGTTCAAATGTAGGGCTTTGCTTGATCACTCTAGAAAGCCCCTCGGCCTCCTCACACTTGCCTTCTTACTCTATCAAAGTGATGTAGATTCACTTGTAAATGTTTTCGGGCTCCCTATACTAGAATATGAGTTCAGTGACTGTGGAGATTTTTGTTTGGTCTGCATGCTGTATTTCCAGCACCTCTTTTCACCCTTTCCTCGCATTCATAAGACTAAAATTTATCATAATTTGGATGTCTTTTAGGATTGGAACTGTTGGAGTAAGATCGTATTGTCATCTTCTCACTAAAGATTTTGCAGGTGGAATTATGTGTGGATGCTACCTTTAATTTCTAGCATTAAAATTCTGAAGTTACTTTATTATTTTTCTGTTTGGGGGTGGGGTTTTTTTTGTTTTGGACAGAGTTTTGCTCTTGTCGCCCAGCCTGGAAGTGCAATGGTGCGATCTCAGCTCACTGCAACCTCTGCTTCCTGGGTTCAAGCGATTCTCCCGCAGTAGCCTCCTGAGTAGGCATTCACCACACCCTGCTGTTTTGTTACTTGTTTGTTTTTTGAGATGGAGTCTCGATTGATCGCCCAGGCTGGAGTGCAATAATAGCACCATCTCAGCTCACTGCAGCCTCCGCCCCCCCAGGGTTCCAGAGATTCTCCTGCCTCAGCCTCCCAGGTAGCTGGGATTACAGGCATGTGCCACCATACCCAGCTAATTTTTGTATTTTTAGTAGAGAAGGGGTTTCACCGTGTTGGCCAGACTGGTCTCAAACTCCTGACCTCAGGTGATCCGCCTGCCTCTGCCTCCCAAAGTGCTGGGATTGGGGGCATGAACCACCGCACCCAGCCTGAAGTTACTTTGGAAACAAATATATTTGTATATGACAGCTTGTAAAACTGTAGTGAGAAGAGCAGAATCATATATTTCTCAGTGAAAAAGAAACAAATCTTATAATGAAGCACAGAAGAGGCTTTAAGAATTACTGATACCATCTTGCCTTTTCTCCTTTGTTGGTAGGAAATTAGTAAATAAGCCAGGTTTGATGGCTAAAGAGTGATTTCTGGAGTTTTTTAAAAGTTAAAATCTTTTCTTATTAGGCATCCACCTACCCCAGGTTTGGGAAATGGTATTGAATGTTGGGCTTTCCCTTGTGTTTTAGTGATTATTTAAAGCTTGGGA	1	0.8775650800945115
ENST00000583940.5	GTAGGAGCCCTGGAGGGCCCAGGGAGAGAGGGATGTGAAAGGCTAGCCCAGTCCCGCTCTGTTCTCGCCGCACCCTCCACAGTCACCATCTGAGGACCTCTGCCGGTTCCTCAGTCCTCAGTAGCCAACTTCTCCATCCCAGCCTGGCGCTTGGGGCCTGCCGTCCCCTCCCCACCACACACACACGGAGTCCCCCAACTGC	1	0.5623647470385672
ENST00000167462.9	GTAGGCAGTGCCCAGGACATGGCAGGCGCCATGTTGCTCTCCCAGGGCCCCAAGTGGCACATACACACTGTGCAGAGGCATGGGGTGCAGGCGATGGGAACGCCGCCTCGGTCCAGCGTGCT	1	0.7709789863022704
ENST00000262376.10	GTGAGGGCCGTGTGCTGAGATGGGCATCTGTGCAGTCAAGACACGTTTGAACGCTGCTTTTGTGCCAGGCCAACAGGATCCTTGCTCACAGGGAGTCACTGTCTAGCTGCCTCAACTCTGATCTCACCTGAGTAACTGGGGGACATGCAGGTAGCTGGGAAAGGGTCTTCTGGATCTTCCCTGGAGGAAGGGAAGTTGCCTCCAGGGTTTTGTTTTTGTCATTTTTTGTCCCACTTCAGTTGATGTTTGGCCTCCCATCTCAATATGCACTTTCCTTTTTTTTTTTTTTTTTTTTTTTTTTTTGAGATGGAGTCTCGCTCTGTTGCCTGGGCTGGAGTGCAGTGGTATGATCTCAGCTCACTGCAAGCTCCACCTCCCAGGTTCACGCCGTTCTCCTGCCTCAACCTCCCGAGTAGCTGGGACTACAGGTGCCTGCCACCATGCCCGGCTAATTTTTTGTATTTTTAGTAGAAATGGGGTTTCACCGTGTTAGCCAGGATGGTCTCAATCTCCTGACCTTGTGATCTGCCCACCTTGGCCTCCCTAAGTGCTGGGATTACAGGCGTGAGCCACCACACCCGGCCACACTTCCTGTTTTAACATACAGGCTGCTATGAGCATTTGAGAGATGGGTTCATCTTGGGTCTTTCCTGATGTTCCTGAAGAAGTGTCATTTGCAGGTAGCAGGGCTGACTCCTTATTGGAACTAAGTGCCAGGCTTCCATCTCAGAGGCTACCTTGTACGAAGTCACTTCCTGCGAATGAAGTATTTGTGTCATACATGGGACAGAGAAAGTTAGCTGGAGTGATTTTCTTGATTGGACTCGAATCATCTGTTGTGCGGATAGATCTTGGAACCTTTGAAATTGCTGTCCTCTCTACGTAGGCTGGACTCATACGAAGAACGTTTTTGTTGAGTTTCTCTGGACAAAGACATGCTGGGTCACTCCACATTTTATTCCTGGAATGGAGGGACTAGGCAATAAGGAAAGTGCTGTGCCCTTTAGGGAAGCATCACCATGAGAGGTTTGAGGCAGAGCCATACATTTTCTTGGTAAAGGCCAGACTCAGCCTTTGGGCAGCCAGTGTGTCCCATTGAGATCCTCTCACCAGGAATTTGGCTCCCCAATCCATTGACCTTTTTTTTTGTGTGTGTGGGGGGTGGGTGGGCATGGTGGGGGGGCGGGGACAAAGTCTCACTCTGTTGCCCAGACTGGAGTGCAATGGCACGATCTCGGCTCACTGCAACCTCCGCCTCCCCGGTTTGAGCGAATCTCCTGCCTCAGCCTCCCGAGTAGCTGGGATTACAGGCGTGCGCCACCACGCCTGGCTAATTTTAGTATTTTTAGTAGAGACGGGGTTTCACCATGTTGGCCAGGCTGGTCTCGAACTCCTGACCTCAGGTGATCCACCTGCCTTGGCCTCCAAAAGTGCTGGGATTACAGGCGTGAGCCACTGCGCCTGGCCAGTTGACATTTAATGAGGGATAGCTACTGAGGACCAGGGACACTAGCAAAGTTCTGGAAGCAGAGTCCCAGCTTTCTGGGGCATGTACA	1	0.825778167453165
ENST00000389301.8	GTGAGGCTCTCCTTCATGGGGGCCACCCTTGGGGGCCCACTCTGAGGGCCAGGCTGCTACTTCTCAATTCGTCTTCAGTGCCCTGGAAAATTCCAGCTTGGAAGAGGGCAGTCTGCT	1	0.7651187746489252
ENST00000429344.7	GTAGGCACCCTGCCAGCCCACTGGGCAGGGCCCTCCCTTTCCAGGGCCTGGAGGCCCGCCCCCTTTGGCAGGACTTGAGGGGCTTAAGTGGGAAGTCCTGGGGGCTGGCTTCAGGTAAGGCTGGATCCAGGGGCTCAGACCATGGCCCCAGGAAACTGTTTCCCTCCACCTCTCGGCTCTGCTGGCCTCGGGCCTTCACTCCCACATGCTCCCTTCAGGGTGGCCGAGAGGGCCCCAGCTGATCTGAGCTGCTGAGTCTCGGGCAGGAGGGCCCTCTCCCTTCCCAAGGTCTGTCCACCAGCCCAGGCATCTCCGGACCAATCCCTGTGCCCAGGGCAGCTGGGTGAAGGCTGGGCCCCCATCATCACAGCCCCTCCCCCCGCAGCCCTGCAGACCGCACGGTCCCCGCTGC	1	0.9557333316840853
ENST00000309061.12	GTAGCGGCCCTGGACGTGTGCCTCGGTTTCCCCATCTGGGCAGGGAGGCACTGACCCAGCCGGCGATGTCTCGGTGGAGGGTCAGGGGTTTGGGCTCAAGTGTGGCCCTGGAGTCCCTGCCTTTCCTGCAGGTCGGCGTCTCCTGGTGGGGGCCTCCGGGCAGCAGGGGTGAGGGGTCTTGGGTCAGCCCACGTCCTGCCCTCCCTCCAC	1	0.9018294598532083
ENST00000216181.10	GTGGGTGCCAGGACTTCTCCCACTCTGGGCTCTGGCTGGAGCCACCACGGCAGAGCTGGCCTTGGACCCAGCCGGCAGAAGCACAGGCCAAGTGCCAGCTGCTCCCCAGGCGCTTAGGGGAAAATGTCCAGGCACCTGGACCTGAAAGGTCCCCCTCTGGCTTCTGTGTTGGGTGTTCAGAAGTTTCTAATCTTCCCTTTTCTGGGAGACCCAAGACTCTGGACCCCAAGGGTTTGGTGGGATCCTGCTGCCACCTTCCTCTGGCCCTGCTCATGCCCTCCAGCCAGGGCCCCAGCCCTCCCCAAGGTCA	1	0.776427275875749
ENST00000402984.7	GTGCGTGGGGGGCCCCGCAGGCCTCGGGGGAACCCAGCCACGTGGCACCAGGGACACATTTCTGTGGCACCTCGAGTGATGTGGTCTGATCCTCATCTCAGATAATCCCAAGTGCAGGCAGACCCTGAGAGAAGATCCTGAGTCAGGAGACCCCATTCTAGCCCCAGCTCTGCTACTGCCCAGCCAGGCGGCCACTGGCACCACCCCCCTGTGTGTGAGCCTGCTCCCCATCTGTGGAAAGGGGTTCTGCTTGACCCAGGACCTCCAAGTGCTGATGAGCCAGGTCTACACATGTGGGCAGCATCAGCGATTTCCTGGAGATTCACCGCTGAGCTGTAGATCCCCAGGAGCTAGAGATGTGTGCCTTTAGCCCAGGGCAGCGAGGGGAAAAGTTGACCAGGAGTGGGGTCAGGTCTTGTCCAGCCAGTGCCTGCTGTCACCAAACCTAGGTGCTCAGGGAAGCCTGGCAGCTGCCAACCACTCCCCCAAAGTGGGCACTTTGCTAGATCCTGGCAGACCCTCCTTGTGGGTCCTGGGGAGGAGGACTGGCAGGAGGGCACAAGTTCAGATGTGCTGCCGCAGAAGGAGCACGAGGCTCGCCCACCAGGCAGGCACAGCGCGGCAGTCCCGGCTCTCCCACTGACTTCCCGCATGCTCGGGACAAGTCACTTTGCATTCCTTGTCTGAGAAATGAGGCTGGAGGCCAGGCGCGATGGCTCATGCCTGTAATCCCAGCACTTTGGGAGGCTAAGGCAGGTGAATCACTTGAGGTCAGGAGTTTGAGACCAGCCTGGCCAACATGACGAAACCTCATCTCTACAAAAAATACAAAAATTAGCCGGGCGTGGTGGCACATGCCTGTAATCCCTGTTACTTGGGAGGCTGAGGCAGGAGAATCACTTGAACTGGGAGGCGGAGGTTGCAGTGAGCTGAGATCATGCCACTGCAATCCAGCCTAGGAGACAGAGCGAGACTCCATCTCAAAGATGAAGGAAAAAAAAGAAATGAGGCTGGAGGAGGTGGAGGACAAAGGACATGAGCTGGCCTTACTAGGAGGGTGGAGTGTGGTGCCACTGTGTTGGACATTGCCCTGA	1	0.8562066700536017
ENST00000473757.5	GTAAGTCGCCCCATCCTTATTACTCCAGGTGACACTGACTGGGGTTTATGGGATGAAAGAGGAGTGTGTGCTTGGATGATGGGGTGTGATAGTGAAGGGGTGAAAGGTTTCTTCTCACACATAGACATCGTGAGGTCTTCCTTGAGCTCTTTAGAGCCTTCCCTCGGGATAGGATGAAATACTGAGATCCTAGAAAGGATTCACAAGACGAGTCACTCATCAGTGCAGATTCACCGATTCACCCCTAGATGTGTGTGGGATTTGGATGGCAGAGAGAAACAGGCACTGAAGATTTTTGGTCAGGACAGGGCAGAGAAATAAGGAGAAGAGTTGAAAATTCACCAAAGGATAGATAAACCCGGGGCGTTTAGAGAAAACCTGTAGTGTGCAAAGGAGCCCAGAATCCTGGGGAAACTTGGAGGGAAATATACTTAATTTGATTCACTAAGTTAGGCCCAGTGAAGGGATTGGGTGGCATAGGTAGAAGCCGAAAAATAAAGCATCTTGTATTGCTGGAATAGCCTCTGTTTCTGAGGTCACATCCAAACTTAGCGAGGCAGCTTAACCTGGTGAGAGACACGGGTTCAACTCCTGGCTTCTGCACTGCCAGGGCAAAGGACTGCCGTTTGCTGACACAGTCTTGTAATTCAATTTAATTTTTTAACCAAGGTGTGGGAGAAGGCAGCTCCGCATAATGCTGAATATTATGGGTTCTGAAGCGAAAATTTTTGTCAGGGTTTAAATTTTGGCTTCATTGTGTAAGTAGCCCTTCCACCCCGGGCAAGTTATTTCCCACATAAAGCAATTGCTAAGTATGGAGCTGATGTACGTGCATCACTGAGAATGGGTTTAGCACATAGTATCCACTGAAGACGCTATCTTGCATTAGCTGTATTACTGTGATAAAGGATAAGCTATAATTAAAGTTACAGAGGAACAAAAGCAGCCCTTTTCACAACATTTAAAACATGCATGTAAAAATAAATGCAGCAGTGACAAGTCTTATGCTACAAACTCAGAAGAGCAGAAACAACTTTATTTTTCCTCTATGATTTCAAGCTCTTTTTCTGCCCAGCTGCTGAGAAAATTTAACTCCTGAGTCTTCTTGGCTTCCTTCCTTTTCCCTAAGGTTGTGTCAAGTGCCAAAGCATTTAGGGGAGGGAGGAGGCCTCTAGTCCTCTGTCAAAAATATTTTGGATTTTTATAGTCATTTCCCTTTCTCTGTGGTGAGACTAGGCCCTCCAGGACCCTGTGTTTTGGCCCCAGGAATTGAGGCCATCTGAATCAGCTGCCTGGGTTCCTGTCTGCAGTGGGCCCCATGGGCCTACAGAAGAACAGAGGCTGCTCAGGGCTGGGCTGTTTGCTGCCCAGAACCAAGGCTAGGATGAGGAGCTCAGACTCTTCCAGTGGAAGCAGTGCTAGGACGGAAGACAGCCGCCCCTGAAGAGGGGACATTGACATACAGTTGATCTGCCTGGGAAGGTGTAATAGAGATGAACTTGTGTCATCGCATCTTTCACACAAGCCACAAAGAAAGCTAATCCTGATTCCTGGTGAGAAGAAACCAAACTCGAGGAATGTTTTATATCACAGGACGGTCACAGCCTGTACTGGGGCACGAGCCAGGGCTGAGTAGAGTGCTGCCCCTGCACTCACTGACTTGATCCTCTCATTTACTCTGTGGAGCAGTCCCTGTTGGGATCCTGCTGCTTTGGGAAATTGCTCTGTTAAGCTTGCAGAGCTATGAAATTGTGGCCCTATTTCAAACCCATGAGGGCCTGATTCTACAGACTGACCACTGGGCTCTTTTACTTCAGCAGGACTTGGGCTGGGGCTGCAGGGATTTCACCAAGGAATGTCAGGCAGGAGGTGGCCATTGTGAAACCTGTCCCATCTTGCCTGTACCTCCTGGCTGAAAGTGGGATGCAGGACTTAGATTGCCAAGCTTAGGAATTATTTGTGGCTCTGCTGTTCACAATTTTGGAGAATGTTAAGGAATACTCAAGAAGTTGTGAGAGTAAGGGCCCTCACATATATCAGAACATGAAAGCATTCCAGTTAGGACCTTGTGATATTGAAACTAGAATAAGCAACCCAGTGGATAGACTGTGAAAGAGAATCCACATATAGACCTATGTGTAAGAATTTATGATCAAGGTGGCATTTTGAAACAGTAGGGAAGGAGCCCAGCAGCAAATGGTCTGGGGAATCCTGGCCCTCCACCTGAGACGTTACACGGCTCTTTTTTTGAGACGGAGTTTTGCTCTTGTGCCCAGGCTGGAGTGCAATGGTGGGATCTCGGCTCACCACAACCTCCGCCCCTGGGTTTAAGCGGTTCTCCTGCCTCAGCCTCCCAAGTAGGTGGCATTACAGGCATGCGCCACCACACCCAGCTAATTTTGTATATTTAGTAGAGATGGGATTTCTCCATGTTGGTCAGGTTGGTCTCGAACTCCTGACCTCAAGTGATCCACCTGCCTCGGCCTCCCAAAGTGCTGGGATTACAGGCATGAGCCACTGCACCCAGCTACACAGCCTTTTTTTTTTTCTTTTTTTGAGACAGAGTCTCGCTCTGTCACCCAGGCTGGAGTGCAGTGGCGCGATCTCTGCTCACCGCAAGCTCCGCCTCCCGGGTTCACGCCATTCTCCTGCCTCAGCCTCCTGAGTAGCTGGGACTACAGGCGCCCGCCACCACACCCAGCTAATTTTTTTCGTATTTTTAGTAGAGACAGGGTTTCATCGTGTTAGCCAGGACAGTCTCGATCTCCTAACCTCATGATCTGCCTGCCTCGGCCTCCCAAAGTGTTGGGATTACAGGCATGAGCCACCATGCCCGGCCTACACAGCCTTTTTAACACCACCTCCAAAGTAAAGTTCTTCATGGACTAGGAAGAAACTCTTTATAGAGTTATGCATAAAAACAAAGCCATAAAAATATTTTCATAATCTTAGCCTTCCTAAGGAATACACAAACAGAAATGATAATGTTAAAGATCAAGCCTCATGAGAATTCAAACAGGGAGGGGAACAGAAGGAGCTGGCCAAAGGAGAACTTTGTGTTCTATGTTGTTTGAATCTTACACAATGAGAATTTAGGGGATAATGTGACTTAAAAAATTGAAAAAAAAAATGAAAATGGTGGGTAGTCAACTTTGCACCATGGCTTTTAAATCCCTCAATAAATTCTGGGCTCCCCATATTGGGGTGAATAAAAGACACACTTCCTCCAGGGCTCAGCATCCACCTGTGAAAATGCCCCCAGGACTGTCGAGAACCCAGCTGGGAGGCCACTTGGATGATTATCCAAGAAGTAAGGGCGCAGTACTTTGGGGCAGCTTCCTGAAGGTGGTGGGATTTGATCTCCTTCTTACAAAGTGGGATTTCAGCAGGTGGTGTAGGGAAGTTTAAATTTTTTCCCTGAAGGTTTGATAATCTGAGTCTATGAAACAAACATAAAACATTAACAGGAAAAAAAACCGACTTAAAAATGTTACTACGTGCACACATGTGCACAAGTCATACAAAATATATAAAAAAATAAATGGCCAGATGGTTGACACTTTTATACCCATCTTGAAATTACAGAAATAACGGGAGGCCTGGAGCGCAGCAAGACAGATTAGGGGAAGGGGAGAGGAGAGACTTGGCTAGCAAAGGTCTTGTTCTGCAGGTGACATCTCACAGCTGGTACTCTGCGGAGCCTGTGGTAGGCAAGTCCTTCAGACCCTTAAAGGGGTCCGC	1	0.9129286722858838
ENST00000446198.5	GTAAGCGGCCCCCCAAGTGTGGGGACAGAGTGGCTCCGAAGCCCCTTGTGGGAGGTCTGGTTACTCCCCTCTCTCTGTGGGGAGGAACCCCGTCATGTGCCTGCATGTAGAAGAGGGCGGCGGCACGGACCCTAGCAGACTGCAAGCGGAGGGGCTCTACAGTGAAGCCGGGGGCTGAGGGAGAGAGGATGCCCC	1	0.545238497930802
ENST00000373181.8	GTTAGGGAGCAGGAGGGTGTGGGGCAGGCCTGGAGGAAGGTCGTACCTCCACCCTAGGATGGAGAGCTAGCAGGGAGCTGCACTGTGGTGGGGATGCTGTGATGTGGGATGGTACCATTTAAGCAGGAAGCATCAGTGCTATCACAACCACCTCCCTGTTTCATGGATGAAGATGTGGGCTCGGCTAGGGTGGGGGGCTCAGTAACATGTCAGAGGACACACTCCAGGAAGTGGCAGAGAGGGGTGCTCATCCCGCTTCCACGCAGACTTTTCTAAACATGCTGCCCACAGGTCCCTGCCTTAGCAGCTTTTATCTAGGGCAAGCCAGGCATAGGTCAACCCATGGGTCATCCATCCTACCAGAGTCTTCTATCACCTGAGGGCCTTGGGTGGAGCTTCACGTGGGGTCCTCTGGGAGAGGGTTGAGGAGTGGAGGTTCTGATGTCATGGAGTGAGAAACTGGGCTCAGTAGCCCATCCCCTCCACTGC	1	0.9083062990602184
ENST00000230419.9	GTGAGCCAGCATGTCTTGGGGGAGCACCCTTCCTGGCTAGGCAGGAGAGGAAAGGGGAGGGAGCAGCAGGCCTGGCCACGGCCTCTCCAGCGGCCCCAATTC	1	0.7251735120008967
ENST00000343348.10	GTATGTGCAAATATTCATATGGCTATTTTAAACTTTAGAAATGGCAAAGCTTGCACCTCTGATAATGAACATCCTATGAACTGCGCACCAGTGCCTTCCATGCCAGCCAAGCAGATTGCCTTCATCTCATTAACCAAAACCCAAAGTTACCTTCTCATATACTCAAACCAATGTTCCTCTAGTCTTCTGCTTAACCTCCATATATGTTATTTATCCAACGTAACACTACAATGGTGGAAACCATCTGAGGTGTCACTGGCTTATAGTTGGGAAAACTGAGGCCTGGAGAGGTAAAGGGTATTGTACAAGTTCAATAGCGGGGGTTGGGGGTGGTGATTTCCGCTGCTTCTTTATGCTTCCTTTCAATTTTATAGAGACCCATGTCTTTAAACCCAAATAAAATATGAAATATAAATAGTGTTTTCCGGATTTGTGACCAAGCTGGATCAGAGCTCAGTCTAGGACTCTAGACCGAGGGTGAGAAGAATCCAGCGGGTACAGTGGACCATTAAGATGTCTCTGGTCTGCCAGGTTTTGGTCTGTTTTGGGTCCAAATACAGTGCAGTGTCCTCCTCCCCAAATCATGGCTTAGAATTCTTTTCATGGGATACTATGGTCCAGAGGCAACCCAGAGACCTCTCAGTCCTATGTAGTCTCTTCCCAAACAGGCTAATTCATCCTAACTGGGACAGGAGGGAAGTCCCCGCTAAGCCCTTTGCGTGCCTCTCTTCTGTGGCACGCACTCACACCTCCATTGCAGCATTTGCACTCCAAGTTTCATAGAAACAACCCATGGTGTCTGTCTTCCCCAGGAGTTGTGTGCCTCTGGAAGGAAGCCCAATGTCTTACTAATTTTTTTGTTTTTCAACTCTCTTCCGCAACCTCCAGTCCTCCCCACAACATACCTAGCCAAGTACACTTACATGAACTAACTTAGATAATACGAACCACTTAAACCCAGAGGAGAAACTCATCCATCTTCATTACCTGAATTATCTGGCATGTTGATATTCTGTTACTTATGGAGAGCAGACTAGGTGTGAAAAGCACACCCCAGCAACCTCAGACAGATAGTCTTAAGTCATTGCCTGGGATTGTTAACTACCTTCTAGATAGTTCTAGATAGTTCCTTCTAGCAGGAAGGGGAGTTCAGCCTGAGGGATCAGGTTTCAGTAAGTTCTTATGTAATACCCTCTCCTTGGTATGTAAAGATGGTGTCACTCAACCAATACCAGCACACATACTTTAAGTGATTTTCTACTAATGGCAGTGAGTTTAATTAAACATCCTTCCACATGCCTGCCTCGTCCCTCTTGCAGCAGTCAGGATGCTCTACGGGGCTGGCTGGGTTAGTGCCTTGAGACAGTGTGGACATAGGAGTGGTTCATGCTGGTGTCGTGAGGGTCCAATCTCCTCTTCTGCACCACCCAGGCAAACCAGGTGTCTGGACAAGATGGGTTTCAGTGTTTCCCTAATCTGACTTTGCTGGGATGACCCTTGACTCCTGAAACCATAGAATTTCTTGTAGAAGCAAATTTTTATGGTCGTCATTCAATGACAAGAAATGACCTTTCAGGAAAGAATCTGATATAATTGGCTTTTCATACCTGCCAAAATCAAACAAAAATAAAAACAACAATAAGAAACAAAACCAAAATGTTCTCTGAGCGAGCCCCAGGTAATGAAACATGATTACACGGAGTCTTGCTGGCACATACCCTGGTGAGTTTTGGAGAGTCTTTTCTTTCTACACTTGCGAAAACGTCAACCTAATTCTTTCCCTCTGTAGAGTAAATGCATGAGGAATCTCTAGCAGCCTTTTTGGATAAGTAAAACCATCCCCGAGATATGTGCAAACCACACTCACTCACTTGTTTCAAGCTCCATCACTGTTTACTGAGGTTTGTTTGTGCTTCTGGGAGGAAGCCAGCCTGCCCCCAGCTGAGGCTGAACTGTGCTGGCTGAGGCTCCTCAGAAATGAGGAGGCGGCTCAGAGGAAATCTCAGCATATTGTGCTTGGTGGCATTCTGCATTGTTCAACTTCCTCCTCTCAGGCTGCAGTACATTCTCCTCCATTCCAGATGCTTAGAGAAGCAGTTCATTCAAAGAATTTGCCATAAGGCAGAAAATAAGCTCCCTCCTTC	1	0.7665155477079821
ENST00000479054.5	GTAGGCACAGGGCCTGCTGGGGCTCAGGAGCTTGGAGTGTGTGGTTGGGGCAGGCCTGGGGGGTCATTCTCTGGAGCCAGCTGTGTGGCTTCAGGCAGCAGTCAGCGACTTGGCTGCAGTGGGCTGAGAGTTCCTTGTCTGAGGAAGGGAGCTGTCATGAGGGAGGGGTCCATGGCCAGATGTGAACGCAGAATGCACTGAGCCAGGGCCTGGTGACTGCTTGGGAACAGCCAGTGATGAGAAGGGGTTAGGCAGCCTTTGCCCCTGGGGCTGCACAGGAAGCCCTAGCCAGCGACCTGGTGACTCCCCTGAGCTGGAAGAGGCTCCGACTCCAGAGGGCATTGCCTATGGGGCTTTGCACGGGTGGAAGCCAGGCCAGCCAAGAGGACCTGTTCCTGCTGGATGTGCTGCACACCTAGGAACCTTGTGCTTGCCTGCCACCGCCTC	1	0.9266718406116916
ENST00000642260.1	GTTTGTATGAACTTGAAGCTTATTTCAGTTGGTTGCCTGGAACCTTCTGCATTCTTTGCTGATCCCCTTTTCTTCATTCTGTGCTGCATTTGGTTTTGCATGCAATTGCATGAAGGGACTTTAG	1	0.7732442766211596
ENST00000497035.5	GTGGGTGCGAGCGTGGGCCTGTCCGCCTGGGAGGTCGCCTTCCCCCGCTCTCCAGCGTGCTCGGGTCTTTCCGTGTGACAGTTGTGCGTTCTTTCTTGGGCTCTGATTTCTCTGTAGTAGGGCCTGGGTGTCCTGTCCCCCTTTAGCTGTTGGATAAGTAAGTACCAAAGAGGGAATGCTCCCTCAGGCCCCCAAACCTGGAGCTTAGGATTTCAGAGAGAAGGATACTGTGTGGGGACTTGAGCTTCTGGAGAGGGTGGCGCCTCGCGTCATAGTCAGAAGCCTAGTCTTGTTTTTTTTACAGAGGCTTAATTTTCAGCATTTGGGGTCAGGCTTTCCTCTTGGAGGCAAGTAGGGTGATGAAAAAGAATCCTTAGGCGTGGTTGTGGCCGTCTTGGTCACCTGTGTGCCACTTGCCAATGCAAGGACTTGTCATAGTTACACTGACTGTTGCCTCCTCCCGGCCCAGGTTCCTCTCCCTCACTTGCCTTGCTCTCCTTGGTA	1	0.8840667336034925
ENST00000490638.5	GTAACCTGGAGATGACCTCAAATCTTGCCCCTTACCTTTCCCCTTCATCTGGAGACCCAAACTTCATACATTTCCTGCATTTATAGAGCCCTCTGGGTGCTCAGCTCTGTGGTAAGTTCCTTGTAGAGAAACGAGAGTTTCTCTCAGGAGCACAGCTTACTGAAGGCTGGGAATGTGGATACAGATGAATGCAATATAAGGAGTGGCTTCTCTCCCTGCTTC	1	0.5157127737079691
ENST00000361256.10	GTAACGCTGTATGGGCCCGCCCCCCCATTTCCCCTGGATCATGCCACAGACACTGAGACCACCCAGTCCTACCCTGCGCTGTCCAGGTGGGAAAGCAGGCCTGGGAGAGCAAGACCTGTGTCTGATGCCAAGACGCAGGTCTGTGGCAGAGCCGGTACTCCGCTCCAGGGTCCCCACTGCACCCTGTGTGCCCTAGCACTTCCCAGACTCTTC	1	0.8281858373818206
ENST00000450050.6	GTGGGTGCCTCCTGCAGGAAAGCAGGACAGCTGGGCCCCCAGGCACCTTGTGGGGGACACCCAGGGTGCCCCAGGACAACAGCTAGGTGGGCAGACTGGATGCTGGCCCTGGCTGGTGGCACAGCATGGCTGGGCACACAGGGATTCTGCTGACTTGCTGAGCTCAGAGGCTTCAGAGAGGCAGTGCAGTCATTGTCCCTGTGCTGGCCCTCAAGGGCCTTCTATAGGAAGAAATAGGGCATGTGTGCACTTAGTTTCCAAGAAACAATGGCTTCCCATTGGGAGAGGCCCAGCCAACATCTCAGGTAGCATCTTGGGGTCCAGAAAAATCCTACCTTTCCTGGCCTTTCCGCTCCCACTTCTCTGGGTGGAAAGGGAATGGCCAGAAGCCTGTCACCCTCAGCCCTCACCTGAGCTGAGAGTTGTCTCTGAAAGTTCATCTTCTGATCCTCTGAGTGTCTGGATTTCTGCCACCTCCTCTGGGTTGCCCTGACCTGGGCTTCCTGGCCTCCTGCTC	1	0.9364448528624814
